id,trigger,conditions,script,text,options,notes
"#RULESET_NAME Draconis",,,,,,
,,,,,,
# [SHARED] Faction Dialogue,,,,,,
XLII_greetingFriendlyCommission,OpenCommLink,"$faction.id == XLII_draconis
$faction.friendlyToPlayer
XLII_HasDraconisCommission","$menuState = fleetConvMain 0
FireAll PopulateOptions","""Hail, $playerName. I'm $PersonRank $personName, your service record with the $theFaction Navy is impressive. I've heard some flattering nicknames for you. How can we assist?""",,
XLII_greetingFriendly,OpenCommLink,"$faction.id == XLII_draconis
$faction.friendlyToPlayer","$menuState = fleetConvMain 0
FireAll PopulateOptions","""Transponder's recognized, $playerName. $theFaction has no quarrel with independent operators who've proven themselves reliable."" Their eyes flick to a tactical display. ""State your purpose.""",,
XLII_greetingNeutral,OpenCommLink,"$faction.id == XLII_draconis
$faction.neutralToPlayer","$menuState = fleetConvMain 0
FireAll PopulateOptions","""This is $PersonRank $personName of $theFaction Navy. Your IFF reads neutral. That can change very quickly, Captain, so let's keep this brief and professional.""",,
XLII_greetingHostileWeaker,OpenCommLink,"$faction.id == XLII_draconis
$faction.hostileToPlayer
$relativeStrength < 0","$ignorePlayerCommRequests = true 1","""$theFaction Navy to hostile contact: we've fought worse than you in worse conditions. If you're not gone in sixty seconds, we'll add your wreckage to the rest.""","cutCommLink:Cut the comm link",
XLII_greetingHostileWeakerDefiant,OpenCommLink,"$faction.id == XLII_draconis
$faction.hostileToPlayer
$relativeStrength < 0
$weakerThanPlayerButHolding","$ignorePlayerCommRequests = true 1","""$PersonRank $personName, Alliance Navy."" A measured pause. ""You have tactical superiority. We're not disputing that. But Alliance Command tracks every engagement in this sector, and retaliation doctrine doesn't require us to win, just to make you memorable.""","cutCommLink:Cut the comm link",
XLII_greetingHostileStronger,OpenCommLink,"$faction.id == XLII_draconis
$faction.hostileToPlayer
$relativeStrength >= 0","$ignorePlayerCommRequests = true 1","""Shouldn't you be running...?"" The officer looks genuinely puzzled.","cutCommLink:Cut the comm link",
"#END [SHARED] Faction Dialogue",,,,,,
,,,,,,
# [SHARED] Commission Dialogue,,,,,,
XLII_CMSNTextRejectHostile,CMSNTextRejectHostile,"$faction.id == XLII_draconis",,"""Who the fu - Who is - What - I should kick your fucking ass, who is this?"" There is a brief silence, cut short by the frantic sound of typing. ""Ah, $playerName! I've notified the Department of Internal Security of your presence, leave immediately.""",,
XLII_CMSNTextHasOther,CMSNTextHasOther,"$faction.id == XLII_draconis",,"""Loyalty's a rare commodity out here, and you're fresh out. We've got no room for dual allegiances.""

""That said, if you're serious about joining, resign from $theOtherCommissionFaction. And we'll gladly put your skills to use in $theFaction.""",,
XLII_CMSNTextUnsuited,CMSNTextUnsuited,"$faction.id == XLII_draconis",,"""I'm sorry, but you don't meet our criteria for receiving a commission. To put it plainly you're a wildcard, Commander. Shape up your outfit, purge the weak links, then come back. Until then, you're unfit for Draconis colors. However I've noted your request.""",,
XLII_CMSNTextSuitedPart1,CMSNTextSuitedPart1,"$faction.id == XLII_draconis",,"""Hmm, yes, you're a suitable candidate. Admiral August will be pleased. We're always short on manpower.""

""Accepting a commission is a serious matter, however. You will be required to fight enemies of $theFaction. You'll be able to resign your commission at any time, though I don't imagine doing so would win you any friends.""",,
XLII_CMSNTextSuitedPart2,CMSNTextSuitedPart2,"$faction.id == XLII_draconis",,"""So, how about it? Still want to sign on?""",,
XLII_CMSNTextWelcomePart1,CMSNTextWelcomePart1,"$faction.id == XLII_draconis",,"""Oath sworn. Welcome to the fold, Commander. Your IFF's updated - Draconis blue on your scope now.""",,
XLII_CMSNTextWelcomePart2,CMSNTextWelcomePart2,"$faction.id == XLII_draconis",,"""Anything else I can do for you?""",,
XLII_CMSNTextChangeMind,CMSNTextChangeMind,"$faction.id == XLII_draconis",,"""Cold feet already?"" $personName raises an eyebrow. ""The Sector's full of fence-sitters who think twice when the guns start barking. Fafnir's ghosts don't suffer the hesitant, neither do we. Application withdrawn. If you grow a spine, our doors aren't barred... Yet.""",,
XLII_CMSNResignAskToConfirm,CMSNResignAskToConfirm,"$faction.id == XLII_draconis",,"""Resign? After we stamped your papers and handed you the keys to our armory? Commander, that's not how the Alliance works."" $personFirstName pauses their typing to face you. ""$TheFaction needs anyone it can get, and turning your back on us won't be forgotten.""",,
XLII_CMSNResignConfirmed,CMSNResignConfirmed,"$faction.id == XLII_draconis",,"$personFirstName sighs dramatically. ""Fine. Resignation accepted, effective immediately. Your IFF's wiped, access codes revoked.""",,
XLII_CMSNResignCancelled,CMSNResignCancelled,"$faction.id == XLII_draconis",,"""Wise choice, Lieutenant. Knew you had the spine for it. Oath renewed - no hard feelings, just hard lessons.""",,
"#END [SHARED] Commission Dialogue",,,,,,
,,,,,,
# [SHARED] Rep Level Description,,,,,,
XLII_relLevelCooperative,RelationshipLevelDesc,"$faction.rel == COOPERATIVE
$faction.id == XLII_draconis","FireAll RelLevelMoreDescription","Fleet Admiral August has personally recognized your contributions to the Alliance. Joint Command has extended full access to military stockpiles and forward operating bases, and even the most security-conscious AIO liaison officers no longer shadow your movements. Alliance Citizens across Fafnir regard you as one of their own - a rare distinction for anyone who didn't endure the Reunification.",,
XLII_relLevelFriendly,RelationshipLevelDesc,"$faction.rel == FRIENDLY
$faction.id == XLII_draconis","FireAll RelLevelMoreDescription","Alliance officials have come to regard you as a reliable partner rather than a convenient asset. Port authorities process your docking requests without the usual security theater, and patrol captains are more likely to offer assistance than demand transponder logs. The gratitude of Joint Command translates to meaningful access to military-grade hardware.",,
XLII_relLevelWelcoming,RelationshipLevelDesc,"$faction.rel == WELCOMING
$faction.id == XLII_draconis","FireAll RelLevelMoreDescription","Your reputation has reached the attention of mid-level Alliance commanders, several of whom have noted your reliability in official dispatches. System patrols treat your $shipOrFleet as a known quantity rather than a potential threat, and port authorities extend courtesies typically reserved for Alliance-flagged vessels.",,
XLII_relLevelFavorable,RelationshipLevelDesc,"$faction.rel == FAVORABLE
$faction.id == XLII_draconis","FireAll RelLevelMoreDescription","Alliance commanders have begun to take note of your activities - favorably, if cautiously. In practice, this means access to surplus military equipment and fewer pointed questions from patrol captains. The institutional paranoia born from the civil war hasn't faded entirely, but you've earned the benefit of the doubt.",,
XLII_relLevelNeutral,RelationshipLevelDesc,"$faction.rel == NEUTRAL
$faction.id == XLII_draconis","FireAll RelLevelMoreDescription","To Alliance officials, you're simply another independent operator - neither a threat nor an asset worth cultivating. This is, by local standards, a reasonable position to occupy. The DDA's history has left its leadership wary of outsiders, but not hostile without cause.",,
XLII_relLevelSuspicious,RelationshipLevelDesc,"$faction.rel == SUSPICIOUS
$faction.id == XLII_draconis","FireAll RelLevelMoreDescription","Something in your record has drawn scrutiny from Alliance security. Port authorities process your requests with deliberate slowness, and patrol commanders run your transponder against watchlists more often than strictly necessary. You're not unwelcome, but you're certainly not trusted.",,
XLII_relLevelInhospitable,RelationshipLevelDesc,"$faction.rel == INHOSPITABLE
$faction.id == XLII_draconis","FireAll RelLevelMoreDescription","Joint Command has flagged your $shipOrFleet as a potential security concern. Port officials find reasons to deny docking requests, and patrol captains interpret their rules of engagement generously when your drives light up on their scopes. The Alliance hasn't declared you an enemy - but they've stopped pretending you might be a friend.",,
XLII_relLevelHostile,RelationshipLevelDesc,"$faction.rel == HOSTILE
$faction.id == XLII_draconis","FireAll RelLevelMoreDescription","Alliance patrols are authorized to engage your $shipOrFleet on sight. Markets under DDA control deny you access, and any incident involving your vessels is treated as confirmation of hostile intent. Whatever goodwill you might have once possessed has been thoroughly exhausted.",,
XLII_relLevelVengeful,RelationshipLevelDesc,"$faction.rel == VENGEFUL
$faction.id == XLII_draconis
$player.numColonies == 0
$player.fleetPoints < 120","FireAll RelLevelMoreDescription","The Alliance has classified you as an active threat to sector stability. Your name circulates in Joint Command briefings alongside pirates, warlords, and other enemies of the fragile peace August built from the ashes of civil war. No patrol captain will hesitate to add your $shipOrFleet to the long list of threats the DDA has ground to dust.",,
XLII_relLevelVengefulFleet,RelationshipLevelDesc,"$faction.rel == VENGEFUL
$faction.id == XLII_draconis
$player.numColonies == 0
$player.fleetPoints >= 120","FireAll RelLevelMoreDescription","Joint Command regards your $shipOrFleet as one more hostile element in a sector that produces them endlessly. Alliance captains have standing orders to engage and destroy - the same orders they've executed against countless threats since the Reunification. You are not special. You are simply next.",,
XLII_relLevelVengefulPlanet,RelationshipLevelDesc,"$faction.rel == VENGEFUL
$faction.id == XLII_draconis
$player.numColonies > 0","FireAll RelLevelMoreDescription","The Alliance views your growing power as an existential threat to everything the Reunification preserved. Somewhere in Joint Command, planners are assembling a task force with your colonies marked for pacification. The DDA has survived civil war, corporate predation, and worse. They do not intend to let you succeed where those threats failed.",,
"#END [SHARED] Rep Level Description",,,,,,
,,,,,,
# [SHARED] AI Core Donation,,,,,,
XLII_aiCores_turnInOptionSel,DialogOptionSelected,"$option == aiCores_startTurnIn
$faction.id == XLII_draconis","FireAll PopulateCoresTurnInOptions","""We're prepared to pay well for these - better than you'd get selling them quietly elsewhere, and without the legal complications. The Alliance has legitimate research applications for recovered cores. What Hegemony inspectors don't know won't trouble them, or you.""",,
"#END [SHARED] AI Core Donation",,,,,,
,,,,,,
# [EMIL STORE] System,,,,,,
XLII_admiral_init_greeting,OpenCDE,"$isPerson
$postId == factionLeader
$tag:XLII_fleet_admiral_emil","AddText ""Establishing connection..."" buttonText
FireBest admiralPickGreeting
ShowDefaultVisual","You transmit the comms ID and wait for the system to establish a connection. However, the comms link establishes after a longer delay than typical military protocols demand. When the image resolves, it's deliberately degraded - encryption artifacts dance across a humanoid silhouette, facial features reduced to suggestions of shadow and light.","1:init:Continue","Changed this session: was bare ShowPersonVisual (always shows August's own portrait, since target.getActivePerson() resolves to him regardless of which branch fired) - switched to ShowDefaultVisual so the duty-officer screening (both branches of admiralPickGreeting) shows Kori's own market/planet image, not August's face, until he's actually the one speaking (XLII_admiral_init_commissionedTrader, which now calls ShowPersonVisual itself)."
XLII_admiral_init_not_commissioned,admiralPickGreeting,,,"The link resolves to a duty channel, not a command one - a flat voice reciting something it has said more times than it wants counted. ""Fleet Admiral's office. State your business.""

A pause while something is checked off-screen, unhurried. ""The Admiral isn't taking unscreened contacts. If you're serious about the Alliance, the diplomatic corps handles commissions through standard channels."" A beat. ""Until you have one, there's nothing here for you.""

The channel closes before you can answer.","1:dismiss:End the transmission","Rewritten so the rejection comes from an unnamed duty officer screening August's comms, not from August personally. Matches his established isolation (character_profile-august.md: ""impossible to reach""); an aide fielding contacts is consistent with that, not new lore. The same aide now also screens commissioned/high-rep players (XLII_admiral_init_commissioned, updated this session) - it's a gate for everyone, not just the uncommissioned. August still doesn't speak for himself until XLII_admiral_init_commissionedTrader."
XLII_admiral_init_commissioned,admiralPickGreeting,"XLII_HasDraconisCommission",,"The link resolves to a duty channel, not a command one - a flat voice reciting something it has said more times than it wants counted. ""Fleet Admiral's office. State your business.""

A pause while credentials clear against something you never see. ""Confirmed."" The voice doesn't change register for it - clearance is just another line item to this one. ""Patching you through.""","1:XLII_admiral_init_commissionedTrader:Continue","Added this session: the same duty-officer screening now gates every first contact, commissioned or not - previously only XLII_admiral_init_not_commissioned went through the aide, which let a commissioned/high-rep player skip straight to August. Shares its opening paragraph verbatim with that row (the aide's pickup line); the two rows diverge only on whether credentials clear. August still doesn't speak for himself until XLII_admiral_init_commissionedTrader."
XLII_admiral_init_commissionedTrader,DialogOptionSelected,"$option == XLII_admiral_init_commissionedTrader
$tag:XLII_fleet_admiral_emil","ShowPersonVisual
FireAll XLII_AdmiralMainMenu","""Commander $playerLastName."" The distorted visage tilts slightly, as if examining you through the compression grain. What might be satisfaction colors the modulated voice. ""We've been watching your work."" A beat. ""Impressed, I should say.""

He leans forward slightly, the motion causing the encryption to ripple and distort. ""The Draconis Defense Alliance rewards competence. More importantly, we recognize when someone possesses the tactical acumen we need for what's coming.""

Your command console chimes softly - an incoming data packet, heavily encrypted.",,"Added ShowPersonVisual this session - this is the first row where August actually speaks for himself (see XLII_admiral_init_greeting's notes), so his portrait needs to swap in here explicitly now that the outer greeting no longer shows it by default."
,,,,,,
# [EMIL STORE] Main Menu,,,,,,
XLII_admiral_main_menu_opts,XLII_AdmiralMainMenu,"$tag:XLII_fleet_admiral_emil",,,"8:ask_special:Is there anything special you could offer?
9:dismiss:End the transmission",
XLII_admiral_main_nanoforge_discuss_opt,XLII_AdmiralMainMenu,"$tag:XLII_fleet_admiral_emil
$global.XLII_blindEyeComplete
!$global.XLII_ringPortTakenExternally
!$global.XLII_nanoforgeQuestOffered
!$global.XLII_nanoforgeQuestComplete
!$global.XLII_officeReferralPending
XLII_CheckDaysSince XLII_nanoforgeDiscussGateDay 7",,,"1:XLII_nanoforge_discuss:Something you wanted to discuss?","Time-gated (this session): added XLII_CheckDaysSince XLII_nanoforgeDiscussGateDay 7 as the last condition. Because conditions short-circuit in order, this only starts counting once every other prerequisite (blindEyeComplete etc.) is already true, and XLII_CheckDaysSince self-stores the current timestamp the first time it's evaluated with the key unset - no XLII_StoreCurrentDay call needed elsewhere. Gives a week of pacing space after Ring-Port before this option can appear, matching the trust-arc scenes gated on the same prerequisites."
XLII_admiral_main_nanoforge_deliver_opt,XLII_AdmiralMainMenu,"$tag:XLII_fleet_admiral_emil
$global.XLII_blindEyeComplete
!$global.XLII_ringPortTakenExternally
$global.XLII_nanoforgeQuestOffered
XLII_NanoforgeExchange check
!$global.XLII_nanoforgeQuestComplete",,,"0:XLII_nanoforge_deliver:I have a Pristine Nanoforge to offer",
XLII_admiral_main_office_followup_opt,XLII_AdmiralMainMenu,"$tag:XLII_fleet_admiral_emil
$global.XLII_blindEyeComplete
!$global.XLII_ringPortTakenExternally
$global.XLII_officeVettingComplete
!$global.XLII_nanoforgeQuestOffered",,,"1:XLII_office_followup:I've spoken with the Office",
XLII_admiral_main_gatelog_pre_opt,XLII_AdmiralMainMenu,"$tag:XLII_fleet_admiral_emil
$global.XLII_gateLogRead
!$global.XLII_logConversationComplete
XLII_CheckAdmiralRep 0.25",,,"1:XLII_gate_logs_discuss:About those logs I found on the Fafnir Gate...","Visible when gate logs have been read, conversation not yet complete, and August rep >= 25"
XLII_admiral_return_main,DialogOptionSelected,"$option == return_to_main_menu
$tag:XLII_fleet_admiral_emil","FireAll XLII_AdmiralMainMenu",,,"Handles return to main menu from nanoforge discussion and other sub-dialogs"
"#END [EMIL STORE] Main Menu",,,,,,
,,,,,,
# [EMIL STORE] Store Access,,,,,,
XLII_admiral_special_access,DialogOptionSelected,"$option == ask_special
$tag:XLII_fleet_admiral_emil","FireAll XLII_AdmiralStoreMenu","""There is."" A measured pause. ""I'm authorized to offer you something off the books,"" he continues. ""The XLII's specialized vessels. Bleeding edge. Ships that aren't in any public registry, that most admirals don't even know exist."" His fingers tap something you can't see. ""Ships that could turn the tide when it matters most.""

A calculated pause. The kind that precedes uncomfortable truths.

""There's a nominal fee - twice their usual cost and an adjustment to your standing with us. Administrative necessity. Insurance that you understand the value of what we're offering."" The ghost of a smile in his voice. ""But the tactical advantage? The capability these hulls represent?"" Another pause, heavier this time. ""That's worth considerably more than any credit transfer, Commander.""",,
"#END [EMIL STORE] Store Access",,,,,,
,,,,,,
# [EMIL STORE] Store Menu,,,,,,
XLII_admiral_store_menu_init,XLII_AdmiralStoreMenu,"$tag:XLII_fleet_admiral_emil","XLII_AdmiralStore init",,,"XLII_AdmiralStore populates all options (4 items + nav + decline) dynamically"
XLII_admiral_store_next,DialogOptionSelected,"$option == store_next
$tag:XLII_fleet_admiral_emil","XLII_AdmiralStore next",,,
XLII_admiral_store_prev,DialogOptionSelected,"$option == store_prev
$tag:XLII_fleet_admiral_emil","XLII_AdmiralStore prev",,,
XLII_admiral_store_slot_1,DialogOptionSelected,"$option == store_item_1
$tag:XLII_fleet_admiral_emil","XLII_AdmiralStore select 1
XLII_BuyShip $XLII_store_selected
FireBest XLII_AdmiralNarrative",,,
XLII_admiral_store_slot_2,DialogOptionSelected,"$option == store_item_2
$tag:XLII_fleet_admiral_emil","XLII_AdmiralStore select 2
XLII_BuyShip $XLII_store_selected
FireBest XLII_AdmiralNarrative",,,
XLII_admiral_store_slot_3,DialogOptionSelected,"$option == store_item_3
$tag:XLII_fleet_admiral_emil","XLII_AdmiralStore select 3
XLII_BuyShip $XLII_store_selected
FireBest XLII_AdmiralNarrative",,,
XLII_admiral_store_slot_4,DialogOptionSelected,"$option == store_item_4
$tag:XLII_fleet_admiral_emil","XLII_AdmiralStore select 4
XLII_BuyShip $XLII_store_selected
FireBest XLII_AdmiralNarrative",,,
XLII_admiral_reopen_store,DialogOptionSelected,"$option == reopen_store
$tag:XLII_fleet_admiral_emil","FireAll XLII_AdmiralStoreMenu",,,
,,,,,,
# [EMIL STORE] Narrative,,,,,,
XLII_admiral_narrative_grumium,XLII_AdmiralNarrative,"$XLII_store_selected == XLII_grumium_wing",,"""I remember a raid on Athebyne's supply depots, some cycles ago. We were running low on everything - fuel, munitions, pilots. Lieutenant Reyes - solid flyer, came up through the reserves - took a squadron of Grumiums on what should've been a suicide run. Six wings, loaded heavy, against fortified emplacements and interceptor screens.""

""Lumbered in like cargo haulers. Reyes lost half his wing before they even lined up the shot. But the ones that made it through? Dropped their payload right into the heart of the depot. Chain reactions lit up the night side of the planet. We got the resupply we needed to hold the line another month.""

""Reyes brought three back. Got a commendation posthumously - caught a missile on the egress. The Grumium's no hero's ride. Slow, ugly work. But if it kills, it serves. And sometimes, that's all you need.""

A brief pause as the transfer finalizes.

""Commander.""","1:transaction_complete:Continue",
XLII_admiral_narrative_grumium_alt,XLII_AdmiralNarrative,"$XLII_store_selected == XLII_grumium_alt_wing",,"""I remember a raid on Athebyne's supply depots, some cycles ago. We were running low on everything - fuel, munitions, pilots. Lieutenant Reyes - solid flyer, came up through the reserves - took a squadron of Grumiums on what should've been a suicide run. Six wings, loaded heavy, against fortified emplacements and interceptor screens.""

""Lumbered in like cargo haulers. Reyes lost half his wing before they even lined up the shot. But the ones that made it through? Dropped their payload right into the heart of the depot. Chain reactions lit up the night side of the planet. We got the resupply we needed to hold the line another month.""

""Reyes brought three back. Got a commendation posthumously - caught a missile on the egress. The Grumium's no hero's ride. Slow, ugly work. But if it kills, it serves. And sometimes, that's all you need.""

A brief pause as the transfer finalizes.

""Commander.""","1:transaction_complete:Continue",
XLII_admiral_narrative_alruba,XLII_AdmiralNarrative,"$XLII_store_selected == XLII_alruba_fortysecond",,"""Most people look at her now and see a relic - ill fit for modern combat. But I remember when she was all we had.

Third week of the siege at Athebyne orbital. My flagship had taken a reactor hit, and I transferred my flag to the Resolute - an Alruba. We had six of them left in the picket line, facing down twice our number.

The captain - Walker, good officer - kept us between the troop transports and their missile boats. Took hits that would've gutted a Thuban. The armor held. Barely. By the time relief arrived, we'd lost three Alrubas, but the transports made it through.

Walker didn't. Reactor breach on the final push.

The Alruba's not fast. Not elegant. But she's honest. And doesn't quit until she's a debris field. Sometimes that's enough.""

A brief pause as the data finalizes.

""That'll be all, Commander.""","1:transaction_complete:Continue",
XLII_admiral_narrative_shaobi,XLII_AdmiralNarrative,"$XLII_store_selected == XLII_shaobi_fortysecond",,"""The Shaobi. The Marines' favorite toy. Command didn't want to build her - too specialized, too expensive. But the Marines made their case, and somehow, it stuck.

I'll admit, I didn't see the value. Not at first.

Then came the boarding operation at Ring-Port - back when it was still under separatist control. We needed to take the station intact, and orbital bombardment wasn't an option. That meant Marines. Lots of them.

The Shaobi-class Warhound led the assault. Two hundred Marines, full combat load, deployed in under twenty minutes. They hit three docking points simultaneously - precision insertion, no warning.

The captain - Major Hartley, Marine Corps - she coordinated the whole thing from the Warhound's bridge. Ship-to-boarding-craft comms, real-time tactical updates, fire support from the gunship's turrets. It wasn't just a carrier - it was a forward command post with engines.

We took Ring-Port in six hours. Minimal casualties. Hartley got a medal. The Warhound got a reputation.

The Shaobi's not a fleet carrier. She's not meant to be. But if you need boots on a station or a hostile ship, she'll get them there - and bring them home.

Sometimes that's worth more than another fighter wing.""

A pause.

""The Alliance chose well with you, Commander. Transfer authorized.""","1:transaction_complete:Continue",
XLII_admiral_narrative_errakis,XLII_AdmiralNarrative,"$XLII_store_selected == XLII_errakis_fortysecond",,"""A carrier escort strictly speaking. Compromised sensors to save weight and meet project requirements. Command signed off on it because she was never meant to operate independently.

That became a problem during the push on Athebyne's outer stations. We had the Milwaukee - assigned to screen the Io's carrier group. Standard formation, textbook deployment. Then the carrier's sensor array took a hit from long-range fire. Partial failure - enough to briefly shunt the datalink, not enough to justify pulling back.

The Milwaukee was supposed to provide missile support. But with the carrier's sensors degraded and her own array already limited, she couldn't get a clean firing solution on anything beyond visual range. Captain Holt - had a ship full of ordnance and nothing to shoot at.

So he did what the ship wasn't designed to do: he moved in close. Uncomfortably close.

The Milwaukee took more hits in that engagement than any other ship in the group. Lost two crew compartments, vented half her missile reserves in an ammunition cook off. But the carrier stayed operational, and the screen held.""

Your sensors officer glances back at you, eyebrows raised. Authorization codes transmitted.

""Until next time, Commander.""","1:transaction_complete:Continue",
XLII_admiral_narrative_juza,XLII_AdmiralNarrative,"$XLII_store_selected == XLII_juza_fortysecond",,"""Even while it serves it's considered a 'prototype'. Armored like a battleship, just fast enough to keep up with cruiser squadrons. On paper, she's perfect. In practice? A damned miracle - when she works.

At end of the war had four Juzas in active service. The Jericho was flagship for the third battle group - my XO's command. Fleet engagement near Athebyne's inner belt. Standard line battle, cruiser-on-cruiser.

Then the Jericho's flux regulators spiked. Total system failure - her shields dropped, her weapons went cold. A paperweight in the middle of a firing line.

Her chief engineer - man named Nowak, stubborn bastard - he rerouted power through the secondary grid, bypassed the safeties, and brought the flux system back online in under three minutes. A miracle to put it bluntly.

By the time the Jericho came back, she'd taken fourteen direct hits. Her armor held. Barely. Nowak kept her running for another six hours before the system burned out for good. We won that engagement.

The Juza's temperamental. High-maintenance. But if you've got a crew that knows her quirks, she'll hold the line when everything else breaks.""

A brief silence followed by an authorization code transmission.

""Authorization granted.""","1:transaction_complete:Continue",
XLII_admiral_narrative_alwaid,XLII_AdmiralNarrative,"$XLII_store_selected == XLII_alwaid_fortysecond",,"""I've heard the jokes - ""by the time she arrives, the war's over."" The crews call her the 'Late Arrival.'

An anecdote: Textbook carrier doctrine. Three battlegroups were to warp directly into the fight. The Alwaid's group? Delayed by a drive malfunction - forty minutes late to the fight.

By the time they arrived, we'd lost Heaven's Axiom and half her escort. The Diligence was burning, venting atmosphere from six hull breaches. We were fifteen minutes from a full retreat.

Then the Eternity translated in-system. Two hundred and sixty fighters. Every torpedo tube loaded. She didn't win the battle herself - but she ended it. The enemy scattered. We held the orbitals.

The Alwaid's slow. But when she gets there, she brings everything.""

The faintest pause.

""It's yours.""","1:transaction_complete:Continue",
XLII_admiral_narrative_tianlong,XLII_AdmiralNarrative,"$XLII_store_selected == XLII_tianlong_fortysecond",,"""Four cycles ago, a Pather raiding flotilla entered Kori's orbital space in coordination with a surface sabotage operation. The intent was to occupy our response force long enough for the ground teams to finish their work. The Covenant was in the patrol rotation.

Vasile, her commander, took her through the center of the formation. Struck their lead ship at speed, engaged the second at close range, and repositioned between the flotilla and their egress vector before their command element had processed what had happened. The aft section took heavy damage. Prioritized forward coverage with the rear mount. But even so, the flotilla broke. The surface teams lost their extraction window.

The after-action report was four pages. Three and a half of them were just damage assessments. The remaining half-page described his tactical reasoning in language I found adequate but incomplete. He did not mention that the Covenant's approach vector was inconsistent with any evasive option - that closing at that speed, on that bearing, was not a response to the engagement. It was a conclusion he had reached before the engagement began.

He is a precise man. His logs are immaculate. I do not think the imprecision was accidental.""

A silence. Although not long.

""Take good care of her, Commander. The Alliance has few enough of these.""","1:transaction_complete:Continue",
XLII_admiral_narrative_generic,XLII_AdmiralNarrative,,,"""A capable hull."" He keys something on the console. ""Authorization complete.""

A brief pause as the transfer finalizes.

""Good hunting, Commander.""","1:transaction_complete:Continue","Fallback narrative for any store item without a specific story"
XLII_admiral_narrative_denied_credits,XLII_AdmiralNarrative,"$XLII_store_purchase_failed == true
$XLII_store_purchase_fail_reason == credits",,"""We already price these hulls below their worth."" A beat. ""There's no further margin to extend. Return when your accounts allow it, Commander.""","1:reopen_store:Browse more vessels
2:dismiss:End transmission","Fires instead of the purchase narrative when XLII_BuyShip denies for insufficient credits. 2 conditions beats the 1-condition ship narratives via FireBest."
XLII_admiral_narrative_denied_rep,XLII_AdmiralNarrative,"$XLII_store_purchase_failed == true
$XLII_store_purchase_fail_reason == rep",,"""Your standing with the Alliance doesn't cover an authorization of this size."" A pause. ""Close the gap, then we'll speak again.""","1:reopen_store:Browse more vessels
2:dismiss:End transmission","Fires instead of the purchase narrative when XLII_BuyShip denies for reputation floor. 2 conditions beats the 1-condition ship narratives via FireBest."
XLII_admiral_narrative_trust_scene1,XLII_AdmiralNarrative,"$global.XLII_blindEyeComplete
!$global.XLII_augustTrustScene1Done
!$XLII_store_purchase_failed","$global.XLII_augustTrustScene1Done = true","August doesn't route this one through requisitions. He says so without looking up from the manifest he's annotating.

""This comes from me directly. Not the ledger."" His eyes find yours for exactly as long as it takes to finish the sentence, then move past you, to the far wall. ""Something I'd rather not put in front of people who write things down. That's all you need to carry on this one.""

He stands through the entire exchange - the posture of a man who still controls the conversation.

A brief pause as the transfer finalizes.

""Dismissed."" He's already back on the manifest before the word finishes leaving his mouth.","1:transaction_complete:Continue","Post-Ring-Port trust-arc scene 1 of 2 - see work/outline/main-story-endings.md's ""0b"". One-shot override of the normal purchase narrative on the first purchase after blindEyeComplete: 3 conditions beats every hull-specific row's 1 condition via FireBest, and is mutually exclusive with the 2-condition denial rows (those require store_purchase_failed == true; this requires it not be). Reuses the shared transaction_complete close, same as every other narrative row here - no new engineering, matches this section's own single-monologue-then-Continue convention rather than adding branching that nothing else in this section does."
XLII_admiral_accept,DialogOptionSelected,"$option == transaction_complete",,"The figure inclines his head slightly. ""Officers like you are why we'll survive what's coming. Safe travels, Commander.""","1:reopen_store:Browse more vessels
2:dismiss:End transmission",
XLII_admiral_decline,DialogOptionSelected,"$option == decline",,"""The offer stands. When you're ready, whenever that may be, the authorization remains active in your file."" A beat. ""However, we don't make these offers lightly, Commander""

The briefest hesitation.

His hand moves, beginning the process of closing the connection. ""You know how to reach us.""","1:reopen_store:Actually, let me take another look
2:dismiss:End transmission",
XLII_admiral_dismiss,DialogOptionSelected,"$option == dismiss","ShowDefaultVisual
EndConversation NO_CONTINUE","The transmission ends.",,"Fixed this session: bare EndConversation only resets the visual panel via NO_CONTINUE's internal ShowDefaultVisual call - with the default (implicit) withContinue=true, the portrait shown during the comm (August's, or previously nothing) was left on screen after returning to the parent market/planet menu, since EndConversation.execute() only calls setActivePerson(null) and relies on whatever fires next (MarketPostOpen/PopulateOptions) to reset the visual itself. Explicit ShowDefaultVisual + EndConversation NO_CONTINUE matches vanilla's own idiom for a comm that ends with nothing further to show (see base rules.csv's greetingNoComms row) and fixes the stuck-portrait bug reported after ""End the transmission"" from the not-commissioned/aide rejection."
"#END [EMIL STORE] Narrative",,,,,,
"#END [EMIL STORE] Store Menu",,,,,,
"#END [EMIL STORE] System",,,,,,
,,,,,,
# [COLONY CRISIS] System,,,,,,
,,,,,,
# [COLONY CRISIS] Payment Deal,,,,,,
XLII_aio_bar_offer_many,XLII_aioBar_offer,"$aio_totalCores >= 10","FireAll XLII_aioBarOfferMenu","He doesn't speak immediately. You get the impression he's finishing an inventory - exits, occupied tables, the distance between you and the nearest occupied chair. When he's satisfied, he looks at you. He doesn't offer a hand.

""$aio_months."" He says it without preamble. ""That's how long the Office has been building your file. You're careful - for what you are. We noticed the care.""

""You're running $aio_coreDesc cores."" He sets his drink down. ""More than what's even mentioned in my brief.""

""Output projections that don't reconcile without them."" He looks at you with the attention of a man revising an estimate. ""Your operation is considerably more interesting than my briefing suggested.""

He waits a moment.

""The Office has been patient. We watch until we understand the shape of a problem. We understand yours.""

""What you're using draws attention the Alliance cannot afford. We maintain relationships that depend on this corner of the Sector staying unremarkable. Your operations compromise those relationships."" He turns his glass. ""That creates a problem - one that, specifically, $aio_monthly credits monthly, resolves.""

He glances at his drink. ""A commission is available, if you'd prefer a structural solution to an accounting one. The Office prefers operators inside the framework rather than adjacent to it. But in my experience, people find our arrangement preferable.""",,"Fired via FireBest.fire() from DraconisAIOPaymentBarEvent (in-place - no dismiss/reopen). $aio_totalCores/$aio_monthly/$aio_coreDesc/$aio_months are set by XLII_ComputeAIOOfferVars, called directly from Java immediately before this fires."
XLII_aio_bar_offer_few,XLII_aioBar_offer,,"FireAll XLII_aioBarOfferMenu","He doesn't speak immediately. You get the impression he's finishing an inventory - exits, occupied tables, the distance between you and the nearest occupied chair. When he's satisfied, he looks at you. He doesn't offer a hand.

""$aio_months."" He says it without preamble. ""That's how long the Office has been building your file. You're careful - for what you are. We noticed the care.""

""You're running $aio_coreDesc cores. Output projections that don't reconcile without them."" A brief pause. ""Your operation is very readable, from the right angle.""

He waits a moment.

""The Office has been patient. We watch until we understand the shape of a problem. We understand yours.""

""What you're using draws attention the Alliance cannot afford. We maintain relationships that depend on this corner of the Sector staying unremarkable. Your operations compromise those relationships."" He turns his glass. ""That creates a problem - one that, specifically, $aio_monthly credits monthly, resolves.""

He glances at his drink. ""A commission is available, if you'd prefer a structural solution to an accounting one. The Office prefers operators inside the framework rather than adjacent to it. But in my experience, people find our arrangement preferable.""",,
XLII_aio_bar_return_offer,XLII_aioBar_returnOffer,,"FireAll XLII_aioBarOfferMenu","He doesn't stand. He just gives a slight nod.

""Changed your mind?""",,
XLII_aio_bar_offer_menu_who,XLII_aioBarOfferMenu,"!$global.aioAskedWho",,,"1:qWhoAreYou:Who are you?",
XLII_aio_bar_offer_menu_what_happens,XLII_aioBarOfferMenu,"!$global.aioAskedWhatHappens",,,"2:qWhatHappens:What happens if I don't pay?",
XLII_aio_bar_offer_menu_office_want,XLII_aioBarOfferMenu,"!$global.aioAskedOfficeWant",,,"3:qWhatDoesOfficeWant:What does the Office actually want?",
XLII_aio_bar_offer_menu_why_cores,XLII_aioBarOfferMenu,"!$global.aioAskedWhyCores",,,"4:qWhyCores:Why does the Office care about AI cores?",
XLII_aio_bar_offer_menu_agree,XLII_aioBarOfferMenu,,,,"5:offerConfirm:Agreed. Set up the arrangement",
XLII_aio_bar_offer_menu_threaten,XLII_aioBarOfferMenu,"!$global.aioThreatMade",,,"6:threaten:I could make this very uncomfortable for you",
XLII_aio_bar_offer_menu_leave,XLII_aioBarOfferMenu,,,,"7:leave:Not interested",
XLII_aio_bar_q_who_sel,XLII_aioBar_qWhoAreYou,,"$global.aioAskedWho = true
FireAll XLII_aioBarOfferMenu","""My name isn't the relevant variable.""

""The Office sends this conversation when it wants something resolved before it becomes the kind of problem that generates a different kind of follow-up. That's the accurate description of the function here.""",,"Merged directly into the main offer menu, gate_logs-style (see XLII_gate_logs_q1_opt/XLII_gate_logs_q1_sel): selecting a question removes it and immediately shows the updated option list, no separate ""questions menu"" screen or ""Continue"" click. $global.-scoped (not session-scoped) because this bar event instance is reused across every future visit - see the class doc comment."
XLII_aio_bar_q_what_happens_sel,XLII_aioBar_qWhatHappens,,"$global.aioAskedWhatHappens = true
FireAll XLII_aioBarOfferMenu","""The assessment cycle resumes where it paused.""

He turns his glass slowly.

""You've been inside it already. $aio_months. The inspection fleet that diverted, the quarterly assessments that never materialised."" He waits - not for your response, but to let you count the incidents. ""Those weren't coincidence.""

""The cycle resumes. The outcomes it produces are not accidents. Most people don't notice the difference until it's academic.""",,
XLII_aio_bar_q_office_want_sel,XLII_aioBar_qWhatDoesOfficeWant,,"$global.aioAskedOfficeWant = true
FireAll XLII_aioBarOfferMenu","""To not be here.""

""Specifically - for your operation to stop generating signals that require a response. The arrangement creates that condition. Your cores stay in their housings; the Office stops noticing them. Both parties have less work.""

""The Office doesn't want your loyalty. It wants your noise to stop.""",,
XLII_aio_bar_q_why_cores_sel,XLII_aioBar_qWhyCores,,"$global.aioAskedWhyCores = true
FireAll XLII_aioBarOfferMenu","""Cores draw eyes. Hegemony compliance patrols. Luddic Path cells. Parties whose interest in this region would be inconvenient for everyone inside the Rift.""

He meets your eyes for the first time.

""I won't be elaborating on the Rift side of that equation.""",,
XLII_aio_bar_threaten_sel,XLII_aioBar_threaten,,"$global.aioThreatMade = true","He sets his glass down.

""Your file has a status. Right now it reads 'managed.' That's why we're speaking - why the 42nd is not blockading this backwater system.""

A pause. He turns his glass.

""When I leave, it changes. Three words, maximum. Procedural.""

He picks up his drink.

""The offer expires when I stand up.""","1:offer:...Fine. Let's talk terms
2:threatenEscalate:Is that a threat?
3:leave:I'll take my chances",
XLII_aio_bar_threaten_escalate_sel,XLII_aioBar_threatenEscalate,,,"""No.""

A small pause.

""Just a warning.""

He finishes his drink. Sets the glass down precisely and waits.","1:offerConfirm:Agreed. Set up the arrangement
2:leave:I'll take my chances",
XLII_aio_bar_offer_confirm_sel,XLII_aioBar_offerConfirm,,"XLII_CreateAIOPaymentDeal
XLII_ComputeAIOOfferVars
XLII_ClearBarSnapshots","He makes no acknowledgment. The conversation is already filed.

""$aio_monthly credits, monthly. The Office will not contact you directly.""

He looks past you, already watching the door.

""Return here when you want it to stop.""","leave:Leave",
XLII_aio_bar_check_in_sel,XLII_aioBar_checkIn,,,"He gives you a brief look - not a greeting, an inventory.

""Still running. The Office remains incurious.""

""$aio_monthly credits monthly. Same terms.""","1:leave:Keep the arrangement running
2:cancelConfirm:Terminate the arrangement",
XLII_aio_bar_cancel_confirm_sel,XLII_aioBar_cancelConfirm,,"XLII_EndAIOPaymentDeal
XLII_ClearBarSnapshots","""Understood.""

He doesn't stand immediately. Finishes his drink. Signals for the bill.

""Once I leave, the assessment cycle resumes. Whatever progress it had made doesn't reset.""

A pause.

""If you want this conversation again - come find me.""

He leaves.","leave:Leave",
XLII_aio_bar_leave_sel,XLII_aioBar_leave,,,"He watches you go. With the particular attention of someone making a note.",,
"#END [COLONY CRISIS] Payment Deal",,,,,,
"#END [COLONY CRISIS] System",,,,,,
,,,,,,
# [FAFNIR ACCESS] System,,,,,,
,,,,,,
# [FAFNIR ACCESS] TT Courier Bar Offer,,,,,,
XLII_tt_bar_open,XLII_ttBarOpen,,"FireAll XLII_ttBarOpenMenu","She doesn't acknowledge your arrival immediately. Finishes a notation in her data pad, sets it face-down.

""I have a logistics coordination problem."" She says it the way you'd say the weather. ""Documentation needs to reach Kori on a schedule. The route has been compromised by attention I'd prefer not to replicate.""

She slides a data chip across the table without looking at it. ""Transit data are embedded. Your Nav Officer will know what to do with it.""

""I don't need to know your other business. You don't need to know mine. You'll be paid on delivery.""",,"Fired via FireBest.fire() from XLII_FafnirTTBarEvent.init() (in-place - no dismiss/reopen, see that class's doc comment). The prompt/approach step stays Java since the hook option's data must be the event instance itself for the bar to wrap into it."
XLII_tt_bar_ask_who_opt,XLII_ttBarOpenMenu,"!$ttAskedWho",,,"1:ttAskWho:Who do I deliver to?",
XLII_tt_bar_ask_what_opt,XLII_ttBarOpenMenu,"!$ttAskedWhat",,,"2:ttAskWhat:What kind of documentation?",
XLII_tt_bar_accept_opt,XLII_ttBarOpenMenu,,,,"3:ttAccept:Accepted",
XLII_tt_bar_decline_opt,XLII_ttBarOpenMenu,,,,"4:ttDecline:Not interested",
XLII_tt_bar_ask_who_sel,XLII_ttBar_ttAskWho,,"$ttAskedWho = true 0
FireAll XLII_ttBarOpenMenu","""The right people will find you once you're docked at Kori."" She gives a dramatic sigh. ""If you must know, it's for the local security - nothing illegal, not there anyway.""

She gives a brief pause.

""Don't ask about them at the door. They're kind of jumpy...""",,
XLII_tt_bar_ask_what_sel,XLII_ttBar_ttAskWhat,,"$ttAskedWhat = true 0
FireAll XLII_ttBarOpenMenu","""Tri-Tachyon research materials. Logistics data. It's really not that important for you to know anything beyond that."" She glances at you, with a slight tinge of impatience.

She picks up her drink for the first time.

""That is the complete answer to that question.""",,
XLII_tt_bar_accept_sel,XLII_ttBar_ttAccept,,"$global.fafnirTTQuestActive = true
XLII_BeginFafnirMission tt_courier
XLII_ClearBarSnapshots","She gives a single nod. The transaction is done.","barLeave:Leave",
XLII_tt_bar_decline_sel,XLII_ttBar_ttDecline,,"$global.fafnirTTDeclined = true
XLII_ClearBarSnapshots","She acknowledges this with a look that files the information away.","barLeave:Leave",
"#END [FAFNIR ACCESS] TT Courier Bar Offer",,,,,,
,,,,,,
# [FAFNIR ACCESS] Ring-Port Bar Offer,,,,,,
XLII_rp_bar_open,XLII_rpBarOpen,,"FireAll XLII_rpBarOpenMenu","He doesn't offer a name.

""I have a package."" Direct. No preamble. ""Old Tri-Tach signals intelligence. Pre-war. Classified in a way that makes it difficult to move through DDA-adjacent space without attracting the kind of attention that ends careers.""

""Job's clean. You get logged as a Ring-Port working contractor - which means certain approaches open up that otherwise don't. You understand what I'm saying.""

He looks at you the way people look at tools - not unkindly. Functionally.

""Interested?""",,"Fired via FireBest.fire() from XLII_FafnirRingPortBarEvent.init() (in-place - no dismiss/reopen). Same shape as XLII_ttBarOpen."
XLII_rp_bar_ask_where_opt,XLII_rpBarOpenMenu,"!$rpAskedWhere",,,"1:rpAskWhere:What's Ring-Port?",
XLII_rp_bar_ask_what_opt,XLII_rpBarOpenMenu,"!$rpAskedWhat",,,"2:rpAskWhat:What are you shipping, exactly?",
XLII_rp_bar_accept_opt,XLII_rpBarOpenMenu,,,,"3:rpAccept:Accepted",
XLII_rp_bar_decline_opt,XLII_rpBarOpenMenu,,,,"4:rpDecline:Not interested",
XLII_rp_bar_ask_where_sel,XLII_rpBar_rpAskWhere,,"$rpAskedWhere = true 0
FireAll XLII_rpBarOpenMenu","""Former asteroid mining station. Current situation is more complicated.""

A pause.

""First Fleet veterans who didn't make it into August's new order. They run the approach. You work for me, you're working for them.""",,
XLII_rp_bar_ask_what_sel,XLII_rpBar_rpAskWhat,,"$rpAskedWhat = true 0
FireAll XLII_rpBarOpenMenu","""I said old intelligence files. Pre-war.""

He looks at you.

""Don't make this into something it isn't.""",,
XLII_rp_bar_accept_sel,XLII_rpBar_rpAccept,,"$global.fafnirRingPortQuestActive = true
XLII_BeginFafnirMission ring_port
XLII_ClearBarSnapshots","He gives a nod that contains no warmth whatsoever.","barLeave:Leave",
XLII_rp_bar_decline_sel,XLII_rpBar_rpDecline,,"XLII_ClearBarSnapshots","He nods once. Files it.","barLeave:Leave",
"#END [FAFNIR ACCESS] Ring-Port Bar Offer",,,,,,
,,,,,,
# [FAFNIR ACCESS] Entry Intercept,,,,,,
XLII_fafnir_bf_intercept_scene,XLII_FafnirBFIntercept,,"ShowPersonVisual","""Unauthorised Rift transit is a violation of Alliance territorial jurisdiction.""

""Your entry has been flagged, your fleet logged, and the matter referred to Command.""

""The appropriate adjustment to your standing has been made. Command does not require an explanation.""

""Proceed as you intend. This frequency will not respond again.""","1:fafnir_intercept_ack:Understood","Brute Force path fleet hail, first arrival after forced Rift transit. Flavor only - the rep penalty was already applied at JP transit. Ported from XLII_FafnirUnauthorizedEntryDialog.java (deleted) - see .claude/systems/fafnir-access.md. ShowPersonVisual (bare) reproduces the old dialog.getVisualPanel().showPersonInfo(fleet.getCommander(), false) call exactly for a CampaignFleetAPI interaction target - confirmed against the decompiled ShowPersonVisual.java rulecmd source, not assumed."
XLII_fafnir_tj_intercept_scene,XLII_FafnirTJIntercept,,"ShowPersonVisual","""We... um... don't have a flag for... what you just did...""

An awkward pause follows, one that lasts a little too long while the captain logs something out of sight. ""Well, we have a flag for it now.""

""There is no precedent in Alliance regs for denying access via unsanctioned transit vectors. I've checked. We're aware you're here.""

""Conduct yourself accordingly. We'll be watching.""","1:fafnir_intercept_ack:Understood","Transverse Jump path fleet hail - DDA has no legal basis to deny entry, so they log it and promise to watch. Ported from XLII_FafnirUnauthorizedEntryDialog.java (deleted) - see .claude/systems/fafnir-access.md."
XLII_fafnir_intercept_ack_sel,DialogOptionSelected,"$option == fafnir_intercept_ack","DismissDialog",,,"Shared handler for both intercept scenes above - matches the pre-port Java version's unconditional dismiss on the single acknowledge option. Standalone bare RuleBasedInteractionDialogPluginImpl scene (no parent menu) - DismissDialog, not EndConversation."
"#END [FAFNIR ACCESS] Entry Intercept",,,,,,
,,,,,,
# [FAFNIR ACCESS] Rift Warning Beacon,,,,,,
XLII_rift_beacon_dialog,OpenInteractionDialog,"$tag:warning_beacon
$XLII_riftBeacon score:100","ShowDefaultVisual
SetShortcut beaconLeave ""ESCAPE""","The beacon is old. Domain-pattern, pitted gray by cycles of particle wash, its solar collectors long since scoured blind. Its transmitter is not old at all - the loop is Alliance-issue.

""NAVIGATIONAL HAZARD. Particle flux beyond this marker exceeds survivable tolerance for unshielded hulls. Turn back.""

""The Fafnir system is closed to unauthorized traffic by standing order of the Draconis Defense Alliance. Vessels attempting transit without current approach data will be intercepted. Consider this your notification.""

Underneath it, on a subcarrier nobody troubled to strip out, the buoy's original signal is still running. Survey-standard, pre-Collapse, patient as anything.

""...unresolved anomaly. Origin unknown. Do not approach. Do not approach. Do not...""

Your comms officer holds the second channel a moment longer than necessary, then closes it.","beaconLeave:Leave","Fafnir approach beacon, hyperspace. Placed by XLII_System.ensureRiftBeacon(). Outscores vanilla beaconOpenDialog via the score:100 on $XLII_riftBeacon, which is set on the beacon entity memory. Reuses vanilla beaconLeave option handler."
"#END [FAFNIR ACCESS] Rift Warning Beacon",,,,,,
,,,,,,
# [FAFNIR ACCESS] Rift First Entry,,,,,,
XLII_rift_first_entry,XLII_RiftEntry,,"SetShortcut riftEntryNoted ""ESCAPE""","The particle count climbs before your sensors will admit what they are looking at.

The radiation ahead is not weather your helm can read - it is high-energy wash with no coherent structure, and the instruments render it as noise the whole way down. Combat readiness is already bleeding off the boards.

Your navigation officer lets the returns run a while longer than the plot needs.

""We could try to push through. I'd rather not say how far."" A pause. ""But traffic goes through here, Captain. Regularly. Somebody is definitely selling the approach.""

""I've heard Tri-Tachyon runs couriers into Fafnir often. And the pirates have been running guns to Ring-Port for thirty cycles now. Neither of them is doing it blind."" The plot goes dark. ""Could ask in the right bar?""","riftEntryNoted:Noted","One-shot beat on first Rift crossing. Fired from XLII_RiftTerrainPlugin.maybeShowFirstEntryDialog() via RuleBasedInteractionDialogPluginImpl(""XLII_RiftEntry"") on the player fleet. MEM_RIFT_FIRST_ENTRY_DONE is set by the terrain plugin before opening, not here."
XLII_rift_first_entry_ack,DialogOptionSelected,"$option == riftEntryNoted","DismissDialog",,,
"#END [FAFNIR ACCESS] Rift First Entry",,,,,,
,,,,,,
# [FAFNIR ACCESS] Kori Arrival,,,,,,
XLII_kori_arrival_check_granted,MarketPostDock,"XLII_IsAtKori
!$global.fafnirKoriArrivalDone
$global.fafnirEntryPath == tt_courier","FireBest XLII_KoriArrivalScene",,,"TT Courier path, normal case: access already granted via the JP exchange. Companion to XLII_kori_arrival_check_bypass below (the backfill/bypass case)."
XLII_kori_arrival_check_bypass,MarketPostDock,"XLII_IsAtKori
!$global.fafnirKoriArrivalDone
$global.fafnirTTQuestActive
!$global.fafnirAccessGranted","$global.fafnirAccessGranted = true
$global.fafnirEntryPath = tt_courier
FireBest XLII_KoriArrivalScene",,,"Backfill case: player reached Kori while still holding unredeemed TT credentials (bypassed the JP exchange, e.g. a transverse jump). Mirrors the pre-port XLII_CampaignPlugin.backfillAccessIfNeeded(). Does not cover access already granted via a *different* path while fafnirTTQuestActive is still stale-true - that requires pursuing two entry paths without redeeming either, and isn't handled by either row here."
XLII_kori_arrival_scene,XLII_KoriArrivalScene,,,"There's a man at the docking office threshold with the stillness of someone who has been there longer than you've been in system. He has no rank markings and no reason to be waiting here that isn't you.

He doesn't offer anything except a brief glance at your vessel registration tag, then to you - then down to his datapad.

""Transit log confirmed... Credentials reconciled... Done.""

He gives a nod and turns away. The conversation appears to be complete.","1:kori_arrival_proceed:Proceed to dock
2:kori_arrival_leave:Leave","TT Courier path: AIO operative acknowledges the transit-log delivery before the market interaction proceeds. Ported from XLII_FafnirKoriArrivalDialogPlugin.java (deleted) - see .claude/systems/fafnir-access.md."
XLII_kori_arrival_proceed_sel,DialogOptionSelected,"$option == kori_arrival_proceed","$global.fafnirKoriArrivalDone = true
XLII_BeginFafnirMission complete
$menuState = main 0
FireAll PopulateOptions",,,"Completes FafnirAccessMissionIntel and pays the reward unconditionally, matching the pre-port Java version (the operative has acknowledged regardless of whether the player actually docks). Returns to the normal market menu in place - no dismiss/reopen needed, since this scene runs inside the market's own MarketPostDock interaction rather than replacing it via pickInteractionDialogPlugin."
XLII_kori_arrival_leave_sel,DialogOptionSelected,"$option == kori_arrival_leave","$global.fafnirKoriArrivalDone = true
XLII_BeginFafnirMission complete
DismissDialog",,,"Mission still completes even on Leave, matching the pre-port Java version. DismissDialog closes the interaction outright (no market this visit) - matches dialog.dismiss() in the old Java 'Leave' branch exactly."
"#END [FAFNIR ACCESS] Kori Arrival",,,,,,
,,,,,,
# [FAFNIR ACCESS] Ring-Port Delivery,,,,,,
XLII_rp_delivery_check_granted,MarketPostDock,"XLII_IsAtRingPort
!$global.fafnirRingPortDeliveryDone
$global.fafnirEntryPath == ring_port score:100","FireBest XLII_RPDeliveryScene",,,"Ring-Port Contractor path, normal case: access already granted via the JP exchange. score:100 guarantees this outranks any other MarketPostDock rule at Ring-Port (e.g. XLII_ring_port_transponder_gate) - the pre-port Java interception always took full priority over the normal interaction, and MarketPostDock is FireBest (highest-scoring single winner), not fire-all. Companion to XLII_rp_delivery_check_bypass below."
XLII_rp_delivery_check_bypass,MarketPostDock,"XLII_IsAtRingPort
!$global.fafnirRingPortDeliveryDone
$global.fafnirRingPortQuestActive
!$global.fafnirAccessGranted score:100","$global.fafnirAccessGranted = true
$global.fafnirEntryPath = ring_port
FireBest XLII_RPDeliveryScene",,,"Backfill case: player reached Ring-Port while still holding unredeemed RP credentials (bypassed the JP exchange, e.g. a transverse jump). Mirrors the pre-port XLII_CampaignPlugin.backfillAccessIfNeeded(). score:100 for the same priority reason as the row above. Does not cover access already granted via a *different* path while fafnirRingPortQuestActive is still stale-true, matching the equivalent accepted gap in the Kori Arrival port."
XLII_rp_delivery_scene,XLII_RPDeliveryScene,,,"He scans your transponder without preamble and checks something off on his slate.

""Shipment's in."" He doesn't look up. ""Good.""

He marks it in the system. No receipt. No signature. Just a note in whatever ledger Ring-Port keeps. You're in their books.

He goes back to the manifests. You're done here.","1:rp_delivery_deliver:Complete the delivery and dock
2:rp_delivery_leave:Leave","Ring-Port Contractor path: dock contact confirms receipt of the weapons shipment. Ported from XLII_FafnirRingPortDeliveryDialogPlugin.java (deleted) - see .claude/systems/fafnir-access.md."
XLII_rp_delivery_deliver_sel,DialogOptionSelected,"$option == rp_delivery_deliver","$global.fafnirRingPortDeliveryDone = true
XLII_BeginFafnirMission complete
$menuState = main 0
FireAll PopulateOptions",,,"Matches the pre-port Java version: only the deliver branch sets the flag and completes FafnirAccessMissionIntel. Returns to the normal market menu in place, same as XLII_kori_arrival_proceed_sel."
XLII_rp_delivery_leave_sel,DialogOptionSelected,"$option == rp_delivery_leave","DismissDialog",,,"No flag change on Leave, matching the pre-port Java version exactly - the dialog fires again on the next dock attempt. DismissDialog closes without opening the market this visit."
"#END [FAFNIR ACCESS] Ring-Port Delivery",,,,,,
"#END [FAFNIR ACCESS] System",,,,,,
,,,,,,
# [FAFNIR LORE] System,,,,,,
,,,,,,
# [FAFNIR LORE] Gate Interactions,,,,,,
XLII_gateOpenDialogStart,OpenInteractionDialog,"$id == XLII_fafnir_gate
!$global.XLII_gateLogRead","ShowDefaultVisual
AddText ""A shattered adamantine ring hangs motionless in the void, its once-perfect curve fractured into jagged arcs.""

AddText ""Twisted structural spars and blackened plating drift in a slow, silent orbit around the broken frame.""

AddText ""What remains of the Gate is cold, dark, and utterly still. It was Domain work, once.""",,"1:XLII_gateOpenLogsMenu:Explore
100:defaultLeave:Leave",
XLII_gateOpenDialogFinished,OpenInteractionDialog,"$id == XLII_fafnir_gate
$global.XLII_gateLogRead","ShowDefaultVisual
AddText ""A shattered adamantine ring hangs motionless in the void, its once-perfect curve fractured into jagged arcs.""

AddText ""Twisted structural spars and blackened plating drift in a slow, silent orbit around the broken frame.""

AddText ""What remains of the Gate is cold, dark, and utterly still. It was Domain work, once.""",,"100:defaultLeave:Leave",
XLII_gateOpenLogsMenu,DialogOptionSelected,"$option == XLII_gateOpenLogsMenu",,"Closer inspection reveals a skeletal lattice of military emplacements: gun batteries fused into slag, sensor arrays crumpled like paper, armored hab-modules cracked open to vacuum.

Hazard stripes still clings stubbornly to the hull plating beneath layers of micrometeorite scarring and weapons burns.

Faint emergency strobes - long dead - mark the positions where XLII Fleet gun crews once waited, cycle after cycle, for an enemy that never came through.","1:XLII_gateOpenLogs:Send a team to assess the installation
100:defaultLeave:Leave",
XLII_gateOpenLogs,DialogOptionSelected,"$option == XLII_gateOpenLogs",,"Your salvage teams force the frost-sealed airlock of the primary command module. Flashlights sweep across derelict consoles and drifting slats.

Your Ops Chief breaks the silence ""$PlayerSirOrMadam, archives are intact. Something to do with the '42nd Signal Corps' relays, seems untouched since the ring cracked.""

A brief moment as they interface with the databank.

""Gate Vigil logs recovered - Rear Admiral S. Surher's final entry - mid-bombardment.""

""There are more fragments here. Relocation orders to Kori, personnel lists. Permission to extract the full cache?""

Your officers wait for your orders, the soft whine of data recovery filling the bridge.","1:XLII_gateLog1:Continue
100:XLII_gateLeaveOpt:Leave",
XLII_gateLog1,DialogOptionSelected,"$option == XLII_gateLog1","AddTextSmall ""Log Fragment 1 - XLII Signal Corps Standing Order 224-19"" highlight","""Cycle 47 pre-Alliance. Auth: Capt. Emil August, forwarded through Corps Command.""

""'All Signal Corps detachments are hereby detached from line-of-battle duties and assigned to permanent perimeter security and monitoring of Fafnir Gate structure. Primary objective: detect and report any unauthorized hyperspace transit attempt. Secondary objective: prevent physical access by non-cleared personnel.

This assignment is non-negotiable. Resources will be reallocated accordingly.

Endorsement appended by Lt. Cmdr. J. Halvorsen, Signal Corps:

""Understood the strategic logic on paper. Still feels like punishment duty. We're bleeding hull plating at Athebyne's Lagrange points while half the corps sits on cold alloy watching a ring that hasn't twitched since the Collapse. August must know something we don't. Or he's finally lost it.""'","2:XLII_gateLog2:Continue",
XLII_gateLog2,DialogOptionSelected,"$option == XLII_gateLog2","AddTextSmall ""Log Fragment 2 - Field Engineering Log, Attempt Series 12-47"" highlight","""Cycle 49 pre-Alliance. Auth: Lt. Mara Velas, Field Engineering Lead.""

""'Attempt 47 concluded 03:14 shipboard. Full power shunt through primary manifold coupling. Ring returned to quiescent state within 0.8 seconds. No aperture formation, no phase excursion, no manifold breach.

Same result as Attempt 46. And 45. And every attempt back to 12.

However: return signal consistent across all attempts. Three discrete hyperwave pulses, 1.7-second spacing, identical modulation envelope. Subcarrier contains structured data we cannot yet parse. It responds to our probe strength - louder input yields louder reply.

It is not an echo. It is a handshake.

Recommendation: cease active attempts until we can fabricate better decoding hardware. Morale note: crew has started calling the anomaly 'the patient one.' Not sure I like the nickname.'""","3:XLII_gateLog3:Continue",
XLII_gateLog3,DialogOptionSelected,"$option == XLII_gateLog3","AddTextSmall ""Log Fragment 3 - Redeployment Directive, Eyes-Only"" highlight","""Cycle 51 pre-Alliance. Auth: Adm. Emil August, countersigned AIO precursor cell.""

""'Effective immediately: all Signal Corps assets under designation 'Gatewatch' are to cease operations at Fafnir Gate and redeploy subsurface, Kori primary grid, reference Alpha-7 / Theta-9.

New primary objective: secure, stabilize, and establish interface protocols with Domain-era megastructure; codeword designation: [LONGSIGHT].

All previous Gate monitoring logs are to be archived under maximum encryption and physically transferred to Kori vault. No further active interrogation of the Gate permitted. Demolition charges remain on standby per prior order.

Personal addendum, August: ""The answers are under Kori. That is where the war will be decided now.""'","4:XLII_gateLog4:Continue",
XLII_gateLog4,DialogOptionSelected,"$option == XLII_gateLog4","AddTextSmall ""Log Fragment 4 - Internal Transition Memorandum"" highlight
AddStoryPoints 1
BeginMission BlindEyeQuestMission
$global.XLII_gateLogRead = true","""Cycle 52 pre-Alliance. Auth: precursor cell, later designated Alliance Intelligence Office.""

""'Signal Corps detachment Gatewatch formally stood down. Surviving personnel and technical assets folded into new standing formation: Alliance Intelligence Section (provisional) under Rear Admiral S. Surher's oversight.

Mission parameters redefined: - Acquisition, integration, and operational employment of [LONGSIGHT]-derived computational systems. - Evaluation and controlled implementation of AI-core augmentation protocols previously prohibited under Sector norms. - Protection of all related programs from external compromise (Hegemony, Persean League, Tri-Tachyon, Luddic elements). - Elimination or reorientation of personnel who represent unacceptable risk to operational security.

From this cycle forward, the Section answers only to unified command authority. Taboos are suspended for the duration of the emergency - which is now declared permanent.

Final line, unsigned but cipher-matched to August: ""You are no longer watchers. You are keepers. And you shall keep what must never be loosed upon the Sector... or what must be loosed only by our hand.""'

They tap the console once more, locking the slate.

""Whatever [LONGSIGHT] actually is... it didn't come through the Gate. It was already here. And it's been talking to them.""

A beat of silence on the bridge.

""Orders, Captain?""","100:defaultLeave:Leave",
"#END [FAFNIR LORE] Gate Interactions",,,,,,
,,,,,,
# [FAFNIR LORE] Stellar Arrays,,,,,,
XLII_mirror_alpha_open,OpenInteractionDialog,"$id == fafnir_mirror1 score:1000","ShowDefaultVisual
FireAll XLII_MirrorSurveyOptions","Stellar Array Alpha - one of three stations spaced evenly around this orbit, each of them holding its face to Fafnir.

Edge-on it does not exist. Your sensor officer finds it by the hole it leaves in the starfield - a band of absent light eleven kilometres across and, by the return, no thicker than a few hundred molecules.

It keeps its angle as you close. Nothing in the motion suggests machinery.",,"Stellar Array Alpha. score:1000 overrides vanilla stellarMirrorOpenDialog, which matches $tag:stellar_mirror at score 1 - without the bump the two tie and the engine picks between them at random. Options come from XLII_MirrorSurveyOptions so the same rule serves surveyed and unsurveyed states. Approach text must stay order-independent: the player can reach any array first. Reference the three-array geometry freely (it is on the system chart) but never anything learned at another array."
XLII_mirror_bravo_open,OpenInteractionDialog,"$id == fafnir_mirror2 score:1000","ShowDefaultVisual
FireAll XLII_MirrorSurveyOptions","Stellar Array Bravo rides this orbit a third of a turn from Alpha and a third again from Charlie, on the fixed bearing the chart gives all three.

Eleven kilometres of foil, and no way onto it. No docking collar, no berthing spar, no service gantry, no hatch on any surface your scopes can resolve.

Whatever built this array did not expect anyone to come back to it.",,"Stellar Array Bravo. score:1000 for the same reason as XLII_mirror_alpha_open. Approach text must stay order-independent: the player can reach any array first. Reference the three-array geometry freely (it is on the system chart) but never anything learned at another array."
XLII_mirror_charlie_open,OpenInteractionDialog,"$id == fafnir_mirror3 score:1000","ShowDefaultVisual
FireAll XLII_MirrorSurveyOptions","Stellar Array Charlie, third of the stations on this orbit, matching the survey figures for Alpha and Bravo to within the error of the instrument.

It takes your sensor officer several minutes to say what is wrong with the returns, because the problem is not something present in them.

The hull is clean. Not maintained - clean. Thirty cycles of war in this system, and the surface reads as though nothing has ever been near it.",,"Stellar Array Charlie. score:1000 for the same reason as XLII_mirror_alpha_open. Approach text must stay order-independent: the player can reach any array first. Reference the three-array geometry freely (it is on the system chart) but never anything learned at another array."
XLII_mirror_opts_alpha,XLII_MirrorSurveyOptions,"$id == fafnir_mirror1
!$global.XLII_mirrorAlphaSurveyed",,,"1:XLII_mirrorAlphaSurvey:Run a collection survey","Survey option, offered only at the array in question and only once."
XLII_mirror_opts_bravo,XLII_MirrorSurveyOptions,"$id == fafnir_mirror2
!$global.XLII_mirrorBravoSurveyed",,,"1:XLII_mirrorBravoSurvey:Run a collection survey",
XLII_mirror_opts_charlie,XLII_MirrorSurveyOptions,"$id == fafnir_mirror3
!$global.XLII_mirrorCharlieSurveyed",,,"1:XLII_mirrorCharlieSurvey:Run a collection survey",
XLII_mirror_opts_crossref,XLII_MirrorSurveyOptions,"$global.XLII_mirrorAlphaSurveyed
$global.XLII_mirrorBravoSurveyed
$global.XLII_mirrorCharlieSurveyed
!$global.XLII_mirrorSurveyComplete",,,"2:XLII_mirrorCrossRef:Cross-reference the returns from all three arrays","Payoff option. Order-independent - appears at whichever array is surveyed last, and persists on revisit if the player leaves before taking it."
XLII_mirror_opts_leave,XLII_MirrorSurveyOptions,,"SetShortcut defaultLeave ESCAPE",,"100:defaultLeave:Leave","Unconditional fallback so every screen in this section has an exit."
XLII_mirror_alpha_survey,DialogOptionSelected,"$option == XLII_mirrorAlphaSurvey","$global.XLII_mirrorAlphaSurveyed = true","Your team spends four hours on the collector spine. Your Ops Chief reads the returns twice before speaking.

""It's not a reflector, $PlayerSirOrMadam. There's no focal assembly, and there's nothing downrange to reflect onto. It's aimed at the star, and the star is the only thing it has ever been aimed at.""

They set the slate down.

""And it's drawing. I can't tell you from what. Thermal's dead, no plasma tap, no corona intercept - it isn't a shunt, before you ask, I checked that first. But the collection budget on this one array runs to eleven figures and I've nowhere to put the decimal.""

A pause.

""Historians called these mirrors. Whoever wrote that never came out here.""","1:XLII_mirrorPost:Continue","Fragment 1 of 3 - the arithmetic does not close, and the object is not what the record says it is."
XLII_mirror_bravo_survey,DialogOptionSelected,"$option == XLII_mirrorBravoSurvey","$global.XLII_mirrorBravoSurveyed = true","Six hours on the spine and your team finds no way inside. What they find instead is a housekeeping channel, unencrypted, broadcasting to nobody.

""Alignment log, $PlayerSirOrMadam. It corrects itself. Sub-arcsecond, continuous, and it has been doing it without interruption for as far back as the buffer runs.""

Your Ops Chief scrolls, and keeps scrolling.

""Last correction was fourteen minutes ago.""

A beat.

""There's no crew. Nothing seems to have docked here since the end of their war. I had the Sustainment archive queried on the way out - there is no maintenance contract for these arrays, there has never been a maintenance contract for these arrays, and Acquisitions has a form for that. It's the one you file when the asset does not require servicing.""","1:XLII_mirrorPost:Continue","Fragment 2 of 3 - something has been maintaining these for centuries and it is not the Alliance."
XLII_mirror_charlie_survey,DialogOptionSelected,"$option == XLII_mirrorCharlieSurvey","$global.XLII_mirrorCharlieSurveyed = true","Your team walks the full face and reports no impact scarring. No micrometeorite pitting. No weapons burns.

""The Gate took a beating and the Gate wasn't even a target, $PlayerSirOrMadam. This thing sat through the entire war.""

Your Ops Chief has the fleet archive open.

""Athebyne's bombardment groups transited inside weapons range of this array on eleven recorded occasions. Nobody fired. Not a warning shot, not a ranging round. It isn't on anyone's target list, and I can't find the order that took it off.""

They hesitate over the last of it.

""One more thing. Whatever this array does, it doesn't do it at a constant rate. The housekeeping buffer keeps the peaks - it ramps when something downrange calls for it, and holds until whatever that is has had its fill. The longest on record runs seventy-two hours.""

Nobody on the bridge asks which seventy-two hours.","1:XLII_mirrorPost:Continue","Fragment 3 of 3 - untouched by the war, and drawing hardest while Athebyne burned. Phrasing of the throttle beat is deliberately self-contained; it cannot assume the player has run Alpha's survey and knows the array draws at all."
XLII_mirror_post_challenge,DialogOptionSelected,"$option == XLII_mirrorPost
!$global.XLII_mirrorChallengeIssued","$global.XLII_mirrorChallengeIssued = true","Comms flags an inbound hail on an Alliance military band. No fleet on the scope. No origin marker.

The voice is unhurried, and slightly bored.

""Vessel at close station on the collector array. You are logged. Survey activity in this orbit is prohibited under standing instruction - reference is not provided. Confirm you are departing.""

A pause, exactly as long as courtesy requires.

""Your inquiry is noted.""","1:XLII_mirrorReplyConfirm:Confirm departure
2:XLII_mirrorReplyAsk:Ask which standing instruction
3:XLII_mirrorReplySilent:Say nothing","Fires once, on whichever array is surveyed first. The Office logs the transgression rather than acting on it."
XLII_mirror_post_plain,DialogOptionSelected,"$option == XLII_mirrorPost
$global.XLII_mirrorChallengeIssued","FireAll XLII_MirrorSurveyOptions","No hail this time. Whatever is listening has already made its position clear, and does not appear to feel the need to repeat itself.",,"Second and third surveys - the watcher is still there, it simply has nothing to add."
XLII_mirror_reply_confirm,DialogOptionSelected,"$option == XLII_mirrorReplyConfirm","FireAll XLII_MirrorSurveyOptions","""Noted.""

The link cuts.",,
XLII_mirror_reply_ask,DialogOptionSelected,"$option == XLII_mirrorReplyAsk","FireAll XLII_MirrorSurveyOptions","""Which instruction?""

A silence. Not hesitation - a decision.

""The instruction is standing. That is the whole of what I have.""

The link cuts.",,"The operator is not being cagey. There is no reference to give, and nobody in the chain has found that strange for a long time."
XLII_mirror_reply_silent,DialogOptionSelected,"$option == XLII_mirrorReplySilent","FireAll XLII_MirrorSurveyOptions","The channel stays open for eleven seconds. Then: ""Understood.""

It closes.",,
XLII_mirror_crossref_logs,DialogOptionSelected,"$option == XLII_mirrorCrossRef
$global.XLII_gateLogRead",,"Three sets of returns on one plot. Your Ops Chief runs the vectors out and does not need long.

""They don't converge on a planet, $PlayerSirOrMadam. They converge under one.""

The intersect resolves kilometres beneath Kori's ice, well below the shipyards, in a volume that appears on no Alliance survey chart at any classification your fleet is cleared to read.

""The Gate cache had a codeword for whatever's down there.""

A pause.

""It didn't mention that the thing needs feeding.""","1:XLII_mirrorRemainder:Continue","Variant shown when the player has read the Fafnir Gate logs - the crew can name what the arrays are feeding."
XLII_mirror_crossref_nologs,DialogOptionSelected,"$option == XLII_mirrorCrossRef
!$global.XLII_gateLogRead",,"Three sets of returns on one plot. Your Ops Chief runs the vectors out and does not need long.

""They don't converge on a planet, $PlayerSirOrMadam. They converge under one.""

The intersect resolves kilometres beneath Kori's ice, well below the shipyards, in a volume that appears on no Alliance survey chart at any classification your fleet is cleared to read.

""So it all goes there. Three arrays' worth, into a hole under their own headquarters.""

A pause.

""I'd very much like to know what's using it.""","1:XLII_mirrorRemainder:Continue","Variant shown without the Gate logs - same discovery, no name to put to it."
XLII_mirror_remainder,DialogOptionSelected,"$option == XLII_mirrorRemainder","$global.XLII_mirrorSurveyComplete = true
FireAll XLII_MirrorSurveyOptions","Your Ops Chief is still working. Something in their posture changes.

""It doesn't balance.""

They turn the plot. ""Whatever's down there is taking a fraction. A large fraction - but a fraction. You cannot siphon on this scale and not shed the remainder somewhere, and the remainder is the larger number.""

""It's been called a hyperspace anomaly since before the Alliance,"" your sensor officer says. ""It's in the pilot notes. There's a defense doctrine built on it.""

Nobody finishes the thought aloud.

The Rift is not weather. The Rift is exhaust - and the machinery that makes it has been running, without interruption or supervision, since long before anyone in Fafnir was born.

Which leaves one question, and your Ops Chief has the good sense not to ask it. What becomes of the wall, if the machinery ever stops.",,"Sets $global.XLII_mirrorSurveyComplete - dormant hook for later AIO/Iron Moth dialogue referencing the player having worked this out."
"#END [FAFNIR LORE] Stellar Arrays",,,,,,
,,,,,,
# [FAFNIR LORE] Bar Vignettes,,,,,,
,,,,,,
# [FAFNIR LORE] Itoron Bar Vignette,,,,,,
XLII_bar_itoron_start,DialogOptionSelected,"$option == marketVisitBar
$market.id == itoron_market
!$market.XLII_barVignetteSeen
RollProbability 0.3 score:1","FireBest BarShuttleDownPrintDesc
FireBest BarPrintDesc
$option = XLII_bar_itoron_0 0
FireBest DialogOptionSelected",,,"Gate rule. Standalone flavor, no rep gate. Fires once per market on a probability roll; XLII_bar_itoron_0 sets the seen flag."
XLII_bar_itoron_0,DialogOptionSelected,"$option == XLII_bar_itoron_0","$market.XLII_barVignetteSeen = true","The bar's wall screens, regardless of what channel, flicker and tune to the anniversary feed again, archival footage worn soft at the edges, the Fleet Admiral August's voice flattened by two generations of re-encoding.

It recalls patriotic accounts from the war, thanks to the sacrifices of the Itoron people, their bravery and their unwavering loyalty to a better tomorrow.

""...As my predecessor, Samuel Harrows, once said: 'We will answer this butchery with everything Itoron has ever built, and we will answer it until no convoy, no worker, no citizen of this world need ever again look to the stars and wonder if today is the day they burn.' And I will reiterate our great pledge made good: the sector, nor Athebyne, dare not threaten us again.""

Nobody in the room is watching the footage per se. They're watching each other watch it. A dockhand near the taps sets down her glass in something that isn't quite attention and isn't quite indifference. When the reel finishes and turns back to its original channels, a few patrons raise their glasses without being told to.","1:XLII_bar_itoron_join:Raise your glass with the room
2:XLII_bar_itoron_watch:Watch the room instead of the screen
3:XLII_bar_itoron_ignore:Get on with your business",
XLII_bar_itoron_join,DialogOptionSelected,"$option == XLII_bar_itoron_join","MarketGainRandomRep
$player.ethosOrder++","You lift your glass along with the rest of the room. Nobody comments on it, but the dockhand allows you the smallest of nods before turning back to her drink. Whatever brought you to Fafnir, tonight the reel makes you one of them, for as long as it loops.","100:barHRE_goToNormalBar:Look around the bar",
XLII_bar_itoron_watch,DialogOptionSelected,"$option == XLII_bar_itoron_watch","$player.ethosCynical++","You keep your eyes on the room instead of the screen. The reverence is real enough - nobody here is performing it for your benefit - but it sits oddly next to the ration crates stacked by the door and a price board somebody's chalked over twice this week. Whatever the broadcast is selling, the room isn't buying quite as evenly as it looks.","100:barHRE_goToNormalBar:Look around the bar",
XLII_bar_itoron_ignore,DialogOptionSelected,"$option == XLII_bar_itoron_ignore",,"You leave them to it. Whatever the broadcast is selling, you didn't come here to buy it.","100:barHRE_goToNormalBar:Look around the bar",
"#END [FAFNIR LORE] Itoron Bar Vignette",,,,,,
,,,,,,
# [FAFNIR LORE] Kori Bar Vignette,,,,,,
XLII_bar_kori_start,DialogOptionSelected,"$option == marketVisitBar
$market.id == kori_market
!$market.XLII_barVignetteSeen
RollProbability 0.3 score:1","FireBest BarShuttleDownPrintDesc
FireBest BarPrintDesc
$option = XLII_bar_kori_0 0
FireBest DialogOptionSelected",,,"Gate rule. Standalone flavor, no rep gate. Fires once per market on a probability roll; XLII_bar_kori_0 sets the seen flag."
XLII_bar_kori_0,DialogOptionSelected,"$option == XLII_bar_kori_0","$market.XLII_barVignetteSeen = true","Kori's dockside bar keeps its heat turned up past what the rest of the station allows, a small mercy for crews just off an eighteen-hour shift in yard cold that gets into the joints and stays there. A knot of orbitalworks techs has claimed the corner table, ledger open, counting credits into two piles.

""$playerName,"" one of them says without looking up. ""Good timing. We've got a pool running on which hull rolls off the floor first this week.""

She taps the ledger. Two names are chalked at the top, odds scrawled underneath in a hand that's had steadier days.","1:XLII_bar_kori_wager:Put a thousand credits on the ledger
2:XLII_bar_kori_round:Buy the table a round instead
3:XLII_bar_kori_leave:Leave the pool to them",
XLII_bar_kori_wager_win,DialogOptionSelected,"$option == XLII_bar_kori_wager
RollProbability 0.5 score:1","AddCredits 1000","Your chosen ship comes off the floor first, by about four hours. The tech who took your money pays out without much grace, sliding the credits across the table along with a look that says you got lucky, not good.","100:barHRE_goToNormalBar:Look around the bar",
XLII_bar_kori_wager_lose,DialogOptionSelected,"$option == XLII_bar_kori_wager","AddCredits -1000","Your pick comes off the floor second, by about four hours. The tech who took your money doesn't gloat, exactly. She just doesn't have to.","100:barHRE_goToNormalBar:Look around the bar",
XLII_bar_kori_round,DialogOptionSelected,"$option == XLII_bar_kori_round","MarketGainRandomRep","You wave off the pool and buy the table a round instead. It buys you twenty minutes of unguarded shop talk about fabrication tolerances and a supervisor nobody at the table likes, which is worth more to you than the pool would have been.","100:barHRE_goToNormalBar:Look around the bar",
XLII_bar_kori_leave,DialogOptionSelected,"$option == XLII_bar_kori_leave",,"You leave them to their ledger and find a quieter table.","100:barHRE_goToNormalBar:Look around the bar",
"#END [FAFNIR LORE] Kori Bar Vignette",,,,,,
,,,,,,
# [FAFNIR LORE] Athebyne Bar Vignette,,,,,,
XLII_bar_athebyne_start,DialogOptionSelected,"$option == marketVisitBar
$market.id == athebyne_market
!$market.XLII_barVignetteSeen
RollProbability 0.3 score:1","FireBest BarShuttleDownPrintDesc
FireBest BarPrintDesc
$option = XLII_bar_athebyne_0 0
FireBest DialogOptionSelected",,,"Gate rule. Standalone flavor, no rep gate. Fires once per market on a probability roll; XLII_bar_athebyne_0 sets the seen flag."
XLII_bar_athebyne_0,DialogOptionSelected,"$option == XLII_bar_athebyne_0","$market.XLII_barVignetteSeen = true","Athebyne's dockside bar keeps its lighting low and its air recyclers loud, habits from a planet where privacy used to mean something. Tonight the noise curdles fast. A dome-shift crew three drinks past sensible has taken the corner table, and one of them - forearm scarred where a suit seal failed years back - stands up on her chair to be heard over the recyclers.

""Rights."" She turns the word over like she's checking it for cracks. ""We have rights. Same as anyone lucky enough to be born on the right side of the bombardment. Same as anyone Itoron didn't bury and call it rescue.""

Two Internal Security troopers hold the door, carbines slung across their chests the way soldiers stand in a room that might turn on them. The taller one starts across the floor. He doesn't get three steps before she turns on him instead.

""You forgot we were people somewhere back on Itoron,"" she says, and the bar's gone quiet enough that everyone hears it. ""We'll remind you the only way you still listen.""

She puts the glass into his face before his rifle clears its sling. A second miner drives his shoulder into the other trooper, and by the time either of them gets a weapon up, half the bar is already on its feet. You are three meters from the middle of it.","1:XLII_bar_athebyne_side_security:Wade in on Internal Security's side
2:XLII_bar_athebyne_side_crowd:Pull the miners clear of Security
3:XLII_bar_athebyne_stay_out:Stay at the bar and let it burn itself out","Reworked this session: security-vs-crowd riot replacing the dosimeter joke/round/leave flavor scene. Centerpiece line is inspired by an Expanse quote (dehumanization answered with violence) but rewritten from scratch into the agitator's own words rather than dropped in verbatim. Internal Security personnel are armed troopers (carbines, not batons) per author note - the DDA is a stratocracy with no separate civilian police, so its Athebyne enforcement presence is soldiers, not officers. Passed a banned.md revision pass (cut a stock simile, two negation-formula constructions, a truism-style ending line - see starsector-writing skill)."
XLII_bar_athebyne_side_security,DialogOptionSelected,"$option == XLII_bar_athebyne_side_security","AdjustRep XLII_draconis 3
AdjustRep pirates -3","You put your shoulder into the man still swinging and pin him against the bulkhead before the trooper's rifle finishes coming level. Cuffing the woman takes two of you; she keeps talking the whole time, past the troopers, past you, at whoever in the bar is still listening. By the time Internal Security has binds on four dome-shift miners, nobody at the bar is looking at anyone else. The trooper you helped lowers his weapon, gives you a short nod, and goes back to his prisoner.","100:barHRE_goToNormalBar:Look around the bar","Backing Internal Security against the crowd: +rep XLII_draconis, -rep pirates."
XLII_bar_athebyne_side_crowd,DialogOptionSelected,"$option == XLII_bar_athebyne_side_crowd","AdjustRep pirates 3
AdjustRep XLII_draconis -3","You get an arm under the man on the floor and haul him clear of a rifle butt aimed at his ribs. The woman is still shouting the same line when you shove her through the service hatch, aimed now at nobody but the closing door. Behind you, a trooper is shouting for backup into a comm nobody dockside is in a hurry to answer. By the time reinforcements arrive, the corner table is empty, the miners are gone into Athebyne's warrens where no patrol goes without a squad, and the bar is full of witnesses who all remember nothing.","100:XLII_bar_athebyne_side_crowd_elsewhere:Get clear before Internal Security starts asking questions","Backing the miners against Internal Security: +rep pirates, -rep XLII_draconis."
XLII_bar_athebyne_side_crowd_elsewhere,DialogOptionSelected,"$option == XLII_bar_athebyne_side_crowd_elsewhere",,"You don't wait to find out how thorough Internal Security gets once it starts asking names. Two blocks and one shuttle ride later, you're at a different dockside bar - quieter, a different bartender, no idea what happened at the last one and no particular interest in asking.","100:barHRE_goToNormalBar:Look around the bar","Connective node so the shared barHRE_goToNormalBar return doesn't imply the player is still standing in the bar they just helped a crowd tear apart in front of Internal Security."
XLII_bar_athebyne_stay_out,DialogOptionSelected,"$option == XLII_bar_athebyne_stay_out",,"You stay at the bar and let it happen around you. It's over inside two minutes: Internal Security moves like soldiers who've done this before, because they have. Four dome-shift miners go out in zip-strips, one of them not moving under his own power, another with a rifle stock-mark already swelling above his eye. The woman keeps talking right up until they get her through the airlock. Nobody meets your eyes on the way out, including the bartender, who pours you another without being asked and waves off payment.","100:barHRE_goToNormalBar:Look around the bar","No rep change - flavor-only non-intervention branch."
"#END [FAFNIR LORE] Athebyne Bar Vignette",,,,,,
,,,,,,
# [FAFNIR LORE] Vorium Bar Vignette,,,,,,
XLII_bar_vorium_start,DialogOptionSelected,"$option == marketVisitBar
$market.id == vorium_market
!$market.XLII_barVignetteSeen
RollProbability 0.3 score:1","FireBest BarShuttleDownPrintDesc
FireBest BarPrintDesc
$option = XLII_bar_vorium_0 0
FireBest DialogOptionSelected",,,"Gate rule. Standalone flavor, no rep gate. Fires once per market on a probability roll; XLII_bar_vorium_0 sets the seen flag."
XLII_bar_vorium_0,DialogOptionSelected,"$option == XLII_bar_vorium_0","$market.XLII_barVignetteSeen = true","Vorium's officers' mess doubles as the nearest thing the moon has to a bar, once ship's law expects everyone off-duty to be somewhere. A table of patrol crew, still half in their vac gear, are working through their third round and a familiar complaint.

""Third convoy this month out to Tiamat,"" one of them says, dragging a thumb across a data-slate. ""Third time Ring-Port's scouts get a look at us before we get a look at them.""

""Write it up,"" someone else says, not looking up. ""Command loves paperwork on things they already know.""

They notice you before you've decided whether to sit.","1:XLII_bar_vorium_join:Sit down and trade convoy stories
2:XLII_bar_vorium_round:Buy them a round and let them vent
3:XLII_bar_vorium_leave:Leave them to their complaint",
XLII_bar_vorium_join,DialogOptionSelected,"$option == XLII_bar_vorium_join","$player.ethosCocky++","You pull up a chair and trade convoy stories, yours a little more embellished than theirs. Nobody calls you on it. By the time the round's gone dry, the data-slate's been forgotten under a beer ring, and the complaint about Ring-Port has turned into simple griping about the escort schedule, which is at least a complaint with an end date.","100:barHRE_goToNormalBar:Look around the bar",
XLII_bar_vorium_round,DialogOptionSelected,"$option == XLII_bar_vorium_round","MarketGainRandomRep","You buy the table a round and let them vent without adding your own war stories to the pile. It's not much, but the officer with the data-slate looks up long enough to actually thank you, which by the sound of things before you sat down, isn't something Command manages very often.","100:barHRE_goToNormalBar:Look around the bar",
XLII_bar_vorium_leave,DialogOptionSelected,"$option == XLII_bar_vorium_leave",,"Some things aren't yours to fix. You leave them to their complaint and their third round.","100:barHRE_goToNormalBar:Look around the bar",
"#END [FAFNIR LORE] Vorium Bar Vignette",,,,,,
,,,,,,
# [FAFNIR LORE] Gate Rumor,,,,,,
XLII_bar_gaterumor_start_itoron,DialogOptionSelected,"$option == marketVisitBar
$market.id == itoron_market
!$global.XLII_gateLogRead
!$global.XLII_barGateRumorSeen","FireBest BarShuttleDownPrintDesc
FireBest BarPrintDesc
$option = XLII_bar_gaterumor_0 0
FireBest DialogOptionSelected",,,"Gate rule (Itoron). 100% chance once gated conditions match - fires at whichever Draconis market the player visits first; XLII_bar_gaterumor_0 sets the seen flag."
XLII_bar_gaterumor_start_kori,DialogOptionSelected,"$option == marketVisitBar
$market.id == kori_market
!$global.XLII_gateLogRead
!$global.XLII_barGateRumorSeen","FireBest BarShuttleDownPrintDesc
FireBest BarPrintDesc
$option = XLII_bar_gaterumor_0 0
FireBest DialogOptionSelected",,,"Gate rule (Kori). See XLII_bar_gaterumor_start_itoron."
XLII_bar_gaterumor_start_athebyne,DialogOptionSelected,"$option == marketVisitBar
$market.id == athebyne_market
!$global.XLII_gateLogRead
!$global.XLII_barGateRumorSeen","FireBest BarShuttleDownPrintDesc
FireBest BarPrintDesc
$option = XLII_bar_gaterumor_0 0
FireBest DialogOptionSelected",,,"Gate rule (Athebyne). See XLII_bar_gaterumor_start_itoron."
XLII_bar_gaterumor_start_vorium,DialogOptionSelected,"$option == marketVisitBar
$market.id == vorium_market
!$global.XLII_gateLogRead
!$global.XLII_barGateRumorSeen","FireBest BarShuttleDownPrintDesc
FireBest BarPrintDesc
$option = XLII_bar_gaterumor_0 0
FireBest DialogOptionSelected",,,"Gate rule (Vorium). See XLII_bar_gaterumor_start_itoron."
XLII_bar_gaterumor_0,DialogOptionSelected,"$option == XLII_bar_gaterumor_0","$global.XLII_barGateRumorSeen = true","Two off-duty officers have claimed the end of the bar, voices pitched low in the particular register of people who think they're being quiet. You catch it anyway.

""...they told them the sweep on the Gate wreck was complete. But nobody ever went back to confirm it.""

""So the records are still sitting out there?""

""If nobody torched it, sure. Command has had ages to send a team back and finish the job properly - they haven't... Draw your own conclusions, man.""

The second officer says something too quiet to catch. The first laughs, short and humorless, before they both clock the bartender within earshot and they hush themselves.","1:XLII_bar_gaterumor_listen:Listen in
2:XLII_bar_gaterumor_ignore:Ignore them",
XLII_bar_gaterumor_listen,DialogOptionSelected,"$option == XLII_bar_gaterumor_listen",,"You drift a step closer, nursing your drink and angling for better acoustics.

""...if it's still out there,"" the quieter one says, ""half the Signal Corps roster from that era has been reassigned to Ladon. That's not the kind of oversight anybody wants to explain.""

""Well hey, at least it's not ours to explain,"" the first replies, and that's where it ends - a hand on a shoulder, a change of subject and a particular feelings of finality.","100:barHRE_goToNormalBar:Look around the bar",
XLII_bar_gaterumor_ignore,DialogOptionSelected,"$option == XLII_bar_gaterumor_ignore",,"Whatever it is, it isn't your business to overhear. You let the rest go and turn back to your own table.","100:barHRE_goToNormalBar:Look around the bar",
"#END [FAFNIR LORE] Gate Rumor",,,,,,
"#END [FAFNIR LORE] Bar Vignettes",,,,,,
"#END [FAFNIR LORE] System",,,,,,
,,,,,,
# [KORRIN] Companion,,,,,,
,,,,,,
# [KORRIN] Recruitment,,,,,,
XLII_korrin_recruit_opt,XLII_EliasContactOptions,"XLII_Korrin state STATIONED",,,"0:korrin_recruit:There's a berth on my ship, if you want it","Offered only while Korrin holds his Ring-Port posting. His contact entry is hidden in that state, so this is the only route back aboard - keep it here."
XLII_korrin_recruit_ask,DialogOptionSelected,"$option == korrin_recruit",,"He does not answer at once. Somewhere behind him a hatch cycles and someone says a number twice.

""Well Ring-Port runs itself now. August has people for the paperwork."" A pause. ""I'm told that's a compliment...""

He looks at the pickup.

""Ask me properly and I'll come.""","1:korrin_recruit_yes:Consider yourself asked
2:korrin_recruit_no:Another time",
XLII_korrin_recruit_yes,DialogOptionSelected,"$option == korrin_recruit_yes","XLII_Korrin comeAboard","""Then I'll requisition my own transfer - faster that way.""

The line stays open a moment longer than it needs to.

""I'm no use to you idle, Commander. I'll be aboard.""","1:korrin_recruit_done:Understood","comeAboard puts him in ABOARD_RESERVE. Giving him a command is a separate step, from his contact entry."
XLII_korrin_recruit_no,DialogOptionSelected,"$option == korrin_recruit_no",,"""Understood."" No inflection. ""The posting isn't going anywhere.""","1:korrin_recruit_done:Understood",
XLII_korrin_recruit_close,DialogOptionSelected,"$option == korrin_recruit_done","EndConversation",,,
"#END [KORRIN] Recruitment",,,,,,
,,,,,,
# [KORRIN] Companion Conversation,,,,,,
XLII_korrin_talk_commanding,XLII_KorrinTalk,"XLII_Korrin state ABOARD_OFFICER
XLII_Korrin hasCommand","XLII_Korrin visual
XLII_Korrin menu","He picks up on the first ping. Behind him, his own bridge - quieter than yours, and arranged like he expects to be there a while.

""Commander!""
OR
He picks up on the first ping. His wardroom, mid-briefing. Three of his officers are enjoying it more than he is. He sends them out with a look and turns back to the pickup.

""Commander. Good timing, as it happens.""
OR
He answers from somewhere in his own engineering spaces, with the sound of a running plant behind him.

""One moment."" A hand gesture and the noise drops by half. ""Commander?""
OR
He is on his bridge, leaning over a plot and correcting it without saying whose it was. The helm officer has the sense to look elsewhere.

""Commander, what do you need?""
OR
His quarters, with the door open behind him - which the crew have worked out is deliberate.

""Commander. Come in, so to speak.""",,"Two conditions, so FireBest prefers this over the roster-only greeting below when he has a hull. Text variants cycle at random - where he is belongs here, not on the intel panel."
XLII_korrin_talk_officer,XLII_KorrinTalk,"XLII_Korrin state ABOARD_OFFICER","XLII_Korrin visual
XLII_Korrin menu","He is in your flag office, reading traffic nobody assigned him. He does not feign ignorance.

""Hello, Commander.""
OR
He is standing on your bridge, nestled in one of it's lonelier corners. Fidgeting with some small object.

""Commander, just a second...""
OR
He sits in your wardroom, where he is being extremely careful not to give anybody an order.

""Commander. I was beginning to think I had been forgotten about.""
OR
You find him in cargo control, where he is checking a rotation that is not his to check. The rating on watch seems glad of the company.

""Commander.""
OR
Inside the corridor outside the CIC, Korrin has been waiting to be useful about something.

""Yes, Commander?""",,"On the officer roster with no ship assigned. Scores 1, so it only wins when hasCommand fails."
XLII_korrin_talk_reserve,XLII_KorrinTalk,"XLII_Korrin state ABOARD_RESERVE","XLII_Korrin visual
XLII_Korrin menu","He is in the observation blister on the spine, where the crew go when they want to not be found. He does not seem embarrassed to be caught at it.

""Commander."" He makes no attempt to look like he was doing something else. ""I am told idleness is good for the constitution.""
OR
He is in the galley, at an hour when nobody else is in it, working through a stack of freight manifests he brought aboard himself.

""Commander?""
OR
Somewhere in the aft passages. He is learning your ship by walking it end to end, which he has been doing for serval days.

""Commander. I think the frame numbering is inconsistent aft of the mid-section...""
OR
Korrin sits in a borrowed corner of the mess, a datapad, and a cup of something that went cold a while ago.

""Commander!""
OR
He is sitting in on the navigation watch, saying nothing and missing less. He steps away when he sees the light.

""Commander?""",,"Aboard, no commission."
XLII_korrin_talk_bark_intro,XLII_KorrinTalk,"XLII_Korrin hasPendingBark score:1000","XLII_Korrin visual
XLII_Korrin barkIntro",,"10:korrin_bark_continue:Continue","Wins FireBest over the three state greetings via the explicit score, whatever state he is in. XLII_Korrin barkIntro writes the pending bark's text straight into the dialog's text panel - korrin_topics.csv stays the source for bark lines, no per-bark rules.csv block needed. Text column here is deliberately blank; a $variable token only substitutes engine-known tokens, not arbitrary memory keys - an earlier version relied on that and shipped broken."
XLII_korrin_bark_continue,DialogOptionSelected,"$option == korrin_bark_continue","XLII_Korrin menu",,,"Straight to the default Talk menu, no re-narrated greeting."
XLII_korrin_talk_opt_backlog,XLII_KorrinTalkOptions,"XLII_Korrin hasBacklog","XLII_KorrinOptions backlog",,,"Adds one option per backlogged topic at sort order 1, ahead of the standing entries below."
XLII_korrin_talk_opt_leave,XLII_KorrinTalkOptions,,,,"100:korrin_talk_leave:Nothing right now","Sort order 100 - always last. With XLII_korrin_talk_opt_flip (90), XLII_korrin_opt_offduty (91) and the conditional XLII_korrin_opt_gift (89), fixes the trailing option order regardless of which drawn/backlog topics precede them."
XLII_korrin_talk_close,DialogOptionSelected,"$option == korrin_talk_leave","DismissDialog",,,"DismissDialog, not EndConversation. This dialog is opened on the player fleet via IntelUIAPI.showDialog, so EndConversation's PopulateOptions fallback matches no rules and the dialog stays open with an empty option list. Same applies to any rule that closes a Korrin dialog launched from the intel screen or a comment popup."
XLII_korrin_topic_open,DialogOptionSelected,"XLII_Korrin isTopicOption score:500","XLII_Korrin openTopic
FireAll XLII_KorrinComment",,,"Catch-all for backlog options, whose option id is the topic id. score:500 clears the field of ordinary $option == rules, which score 1. Topic ids are korrin_ prefixed, so nothing else can match."
"#END [KORRIN] Companion Conversation",,,,,,
,,,,,,
# [KORRIN] Dialogue Topics,,,,,,
XLII_korrin_c_ringport_cost_survived,XLII_KorrinComment,"XLII_Korrin topicIs korrin_ringport_cost
$global.XLII_michalSurvived","XLII_Korrin visual
FireAll XLII_KorrinCRingportCostOptions","Elias has the Ring-Port intake manifest open on a slate when he raises it, and he does not put it down right away.

""Two hundred and eleven names came through this morning. I know six of them personally."" He sets the slate flat on the console, screen still lit. ""I liked people there.""

""Michal's on the list. Reassigned, not reinstated - the Office likes paperwork more than it likes mercy, but for once the paperwork went his way.""

""I did that well. I'd do it again."" He looks up from the console for the first time since he started talking. ""I still haven't worked out what that makes either of us.""",,"Closes Blind Eye's own loop before the post-Ring-Port act's next stage begins - see work/outline/main-story-endings.md's ""0b"" for why this exists. Branches on $global.XLII_michalSurvived; see the _died variant for the other outcome. Fires off the watch column ($global.XLII_blindEyeComplete in korrin_topics.csv), not a market dock event, so it reaches an aboard Korrin correctly regardless of location."
XLII_korrin_c_ringport_cost_died,XLII_KorrinComment,"XLII_Korrin topicIs korrin_ringport_cost
!$global.XLII_michalSurvived","XLII_Korrin visual
FireAll XLII_KorrinCRingportCostOptions","Elias has the Ring-Port intake manifest open on a slate when he raises it, and he does not put it down right away.

""Two hundred and eleven names came through this morning. I know six of them personally."" He sets the slate flat on the console, screen still lit. ""I liked people there.""

""Michal isn't on the list."" He closes the manifest without finishing reading it. ""I set the timing on that operation. I didn't set what happened at his desk. That part was you."" He says it plainly, not as an accusation - he is doing the same arithmetic he does with everything else. ""I've stopped deciding whether that's fair to point out.""

""I did that well. I'd do it again."" He looks up from the console for the first time since he started talking. ""I still haven't worked out what that makes either of us.""",,"Companion to XLII_korrin_c_ringport_cost_survived - see that row's notes for the shared design context."
XLII_korrin_c_ringport_cost_opt_regret,XLII_KorrinCRingportCostOptions,,,,"10:korrin_ringport_cost_regret:Ask if he regrets it",
XLII_korrin_c_ringport_cost_opt_worth,XLII_KorrinCRingportCostOptions,,,,"11:korrin_ringport_cost_worth:Say the cost was worth it",
XLII_korrin_c_ringport_cost_opt_subject,XLII_KorrinCRingportCostOptions,,,,"12:korrin_ringport_cost_subject:Change the subject",
XLII_korrin_c_ringport_cost_opt_later,XLII_KorrinCRingportCostOptions,,,,"100:korrin_defer:Not now",
XLII_korrin_a_ringport_cost_regret,DialogOptionSelected,"$option == korrin_ringport_cost_regret","XLII_Korrin topicDone
XLII_Korrin rep 0.03","""No."" He says it immediately, then seems to hear how fast that was. ""That's not a dodge. I've checked. It's just not the question that's still open for me.""

""Ring-Port runs itself these days. August has people for the paperwork."" A pause, timed like a joke, because it is one. ""I'm told that's a compliment."" Then, dropping it: ""August will want more from you soon. He always does, once he's decided someone's worth the asking.""","1:korrin_done:Leave it there",
XLII_korrin_a_ringport_cost_worth,DialogOptionSelected,"$option == korrin_ringport_cost_worth","XLII_Korrin topicDone
XLII_Korrin rep 0.05","""Maybe."" He picks the slate back up, mostly so his hands have somewhere to be. ""Ask me again once Ring-Port's had a winter under new management. I'll have a better answer.""

""Ring-Port runs itself these days. August has people for the paperwork."" A pause, timed like a joke, because it is one. ""I'm told that's a compliment."" Then, dropping it: ""August will want more from you soon. He always does, once he's decided someone's worth the asking.""","1:korrin_done:Leave it there",
XLII_korrin_a_ringport_cost_subject,DialogOptionSelected,"$option == korrin_ringport_cost_subject","XLII_Korrin topicDone
XLII_Korrin rep 0.02","""Fair enough."" He sets the slate aside without protest.

""Ring-Port runs itself these days. August has people for the paperwork."" A pause, timed like a joke, because it is one. ""I'm told that's a compliment."" Then, dropping it: ""August will want more from you soon. He always does, once he's decided someone's worth the asking.""","1:korrin_done:Leave it there",
XLII_korrin_c_bastion_disbelief,XLII_KorrinComment,"XLII_Korrin topicIs korrin_bastion_disbelief","XLII_Korrin visual
FireAll XLII_KorrinCBastionOptions","Korrin doesn't wait for you to bring it up.

""I've read the transit logs for wherever you just came back from twice, and I believe the second reading less than the first."" He has a manifest open and isn't really reading it. ""A black site sitting off the sector map for decades, a security posture that expensive, and not one line of procurement paperwork anywhere August's own staff would file. I do this for a living, Commander. I should have found something.""

""I don't like finding out there's a floor under the floor I already knew about.""",,"New this session - fires off the watch column ($global.XLII_officeVettingComplete in korrin_topics.csv), reacting to the player's Ladon bastion visit (see ""# Monroe Vetting"" in this file). Korrin isn't physically present at the bastion; this is him reacting after the fact, which matches his profile (character_profile-korrin.md: ""he has assembled the pattern"")."
XLII_korrin_c_bastion_opt_dig,XLII_KorrinCBastionOptions,,,,"10:korrin_bastion_dig:Ask what he'll do about it",
XLII_korrin_c_bastion_opt_alone,XLII_KorrinCBastionOptions,,,,"11:korrin_bastion_alone:Say some things are better left alone",
XLII_korrin_c_bastion_opt_later,XLII_KorrinCBastionOptions,,,,"100:korrin_defer:Not now",
XLII_korrin_a_bastion_dig,DialogOptionSelected,"$option == korrin_bastion_dig","XLII_Korrin topicDone
XLII_Korrin rep 0.03","""Dig, obviously."" He says it like the question answered itself, then seems to hear how that sounded. ""Carefully. Slowly. But yes.""

""I don't like not knowing what's under something I'm already standing on.""","1:korrin_done:Leave it there",
XLII_korrin_a_bastion_alone,DialogOptionSelected,"$option == korrin_bastion_alone","XLII_Korrin topicDone
XLII_Korrin rep 0.02","""Maybe."" He doesn't sound like he believes it. ""I've never once managed that, so we'll see how the theory holds up.""","1:korrin_done:Leave it there",
XLII_korrin_c_nanoforge_ask,XLII_KorrinComment,"XLII_Korrin topicIs korrin_nanoforge_ask","XLII_Korrin visual
FireAll XLII_KorrinCNanoforgeAskOptions","""Commander."" Korrin has a data slate half-full of specs he clearly assembled on his own time. ""The Admiral wants a Pristine Nanoforge. Domain-era, intact, no history anyone's supposed to ask about."" He angles the slate rather than hand it over, like he's still deciding whether to admit he already looked. ""Do you have any idea where you'd even start looking for one of those?""",,"New this session - fires off $global.XLII_nanoforgeQuestOffered, right after August actually offers the job (XLII_office_followup_offer). Item 7 of this session's cleanup pass."
XLII_korrin_c_nanoforge_opt_confident,XLII_KorrinCNanoforgeAskOptions,,,,"10:korrin_nanoforge_confident:Say you'll know it when you see it",
XLII_korrin_c_nanoforge_opt_lead,XLII_KorrinCNanoforgeAskOptions,,,,"11:korrin_nanoforge_lead:Ask if he already has a lead",
XLII_korrin_c_nanoforge_opt_none,XLII_KorrinCNanoforgeAskOptions,,,,"12:korrin_nanoforge_none:Say you have no idea",
XLII_korrin_c_nanoforge_opt_later,XLII_KorrinCNanoforgeAskOptions,,,,"100:korrin_defer:Not now",
XLII_korrin_a_nanoforge_confident,DialogOptionSelected,"$option == korrin_nanoforge_confident","XLII_Korrin topicDone
XLII_Korrin rep 0.02","""That's not a plan, Commander. That's a hope with a description attached."" A beat. ""I'll take it. It's more than I had.""","1:korrin_done:Leave it there",
XLII_korrin_a_nanoforge_lead,DialogOptionSelected,"$option == korrin_nanoforge_lead","XLII_Korrin topicDone
XLII_Korrin rep 0.04","""A short list. Old Domain logistics routes, mostly - places that might have had one and never got looted properly."" He taps the slate. ""I'll run them down. It might take a while.""","1:korrin_done:Leave it there",
XLII_korrin_a_nanoforge_none,DialogOptionSelected,"$option == korrin_nanoforge_none","XLII_Korrin topicDone
XLII_Korrin rep 0.02","""Neither do I, if I'm honest."" He sets the slate aside. ""I suppose we'll know it when the sensors do.""","1:korrin_done:Leave it there",
XLII_korrin_c_first_command,XLII_KorrinComment,"XLII_Korrin topicIs korrin_first_command","XLII_Korrin visual
FireAll XLII_KorrinCFirstCommandOptions","""Commander."" He is on a bridge that is not yours. ""I have read the assignment order twice, in case it was a routing error. It was not.""

Behind him somebody is arguing quietly about a watch bill and stopping when they remember he can hear them.

""I've wanted a ship to helm since I was old enough to know what one cost, and I have never once asked for one. I want that on the record before I say anything else.""

He takes a moment for himself.

""Thank you, Commander.""",,"Fires from the popup when he is first given a command. Gated on XLII_Korrin topicIs, not $korrinTopic - $local in this dialog is the player fleet's memory, not his."
XLII_korrin_c_fc_opt_earned,XLII_KorrinCFirstCommandOptions,,,,"10:korrin_fc_earned:You didn't have to ask",
XLII_korrin_c_fc_opt_lose,XLII_KorrinCFirstCommandOptions,,,,"11:korrin_fc_lose:Try not to lose her",
XLII_korrin_c_fc_opt_later,XLII_KorrinCFirstCommandOptions,,,,"100:korrin_defer:Not now","Shared decline handler - moves the topic to the backlog rather than losing it."
XLII_korrin_c_fc_earned,DialogOptionSelected,"$option == korrin_fc_earned","XLII_Korrin topicDone
XLII_Korrin rep 0.05","""No - that is the part I am going to have trouble with.""

He looks at something off the pickup - the whole bridge of it, probably - and comes back.

""Thank you. I will not embarrass you with it.""","1:korrin_fc_close:Understood",
XLII_korrin_c_fc_lose,DialogOptionSelected,"$option == korrin_fc_lose","XLII_Korrin topicDone
XLII_Korrin rep 0.03","""I have glanced at the loss figures for this hull class...""

""They are not encouraging and I have committed them to memory anyway, which I understand is not the same as being ready.""

He almost smiles.

""Understood, Commander.""","1:korrin_fc_close:Understood",
XLII_korrin_c_fc_close,DialogOptionSelected,"$option == korrin_fc_close","DismissDialog",,,"DismissDialog - the popup is opened on the player fleet, where EndConversation does nothing."
XLII_korrin_defer,DialogOptionSelected,"$option == korrin_defer","XLII_Korrin topicDefer
DismissDialog",,,"Shared decline handler for every comment popup. Moves the topic to the backlog so it resurfaces under 'You wanted to talk?' rather than being lost."
XLII_korrin_c_derelict,XLII_KorrinComment,"XLII_Korrin topicIs korrin_entity_derelict_survey_ship","XLII_Korrin visual
FireAll XLII_KorrinCDerelictOptions","He has the salvage manifest open, and he has clearly had it open for some time.

""Commander. The construction of that survey ship - the fabrication marks.""

He turns the slate around so you can see it, then seems to think better of it and sets it down.

""They are ours. Not similar. Ours. Same tooling pattern the yards at Kori still run.""

""I would like to know how that is possible before I write it down anywhere.""",,"Domain thread opener. Queued by KorrinObserver on discovering a derelict survey ship."
XLII_korrin_c_der_opt_coincidence,XLII_KorrinCDerelictOptions,,,,"10:korrin_der_coincidence:Domain tooling was standardized",
XLII_korrin_c_der_opt_nofile,XLII_KorrinCDerelictOptions,,,,"11:korrin_der_nofile:Then do not write it down",
XLII_korrin_c_der_opt_later,XLII_KorrinCDerelictOptions,,,,"100:korrin_defer:Not now",
XLII_korrin_a_der_coincidence,DialogOptionSelected,"$option == korrin_der_coincidence","XLII_Korrin topicDone","""Standardized across the Domain, yes. But...""

He does not sound argumentative about it moreso like a man checking his work.

""Eleven thousand manifests in the Kori archive. I have read most of them.""

He takes a breath and continues.

""With all due respect, we are one of the only polities that can make anything not burdened by Domain-era encryption. But the question is how, and why does it match so closely with Domain spec...?""

He does not answer his own questions, he just sits with them a moment.

""You may well be right. I would like you to be.""","1:korrin_done:Leave it there","No reputation - a fair answer he has already considered himself."
XLII_korrin_a_der_nofile,DialogOptionSelected,"$option == korrin_der_nofile","XLII_Korrin topicDone
XLII_Korrin rep 0.03","""No. I had already decided that, which is the part that concerns me.""

A brief pause.

""I'd like to think I'm quite thorough, Commander. But this is the first thing I have chosen not to file.""","1:korrin_done:Leave it there","Rep: siding with him against his own filing habit. The arc beat."
XLII_korrin_c_chicomoztoc,XLII_KorrinComment,"XLII_Korrin topicIs korrin_market_chicomoztoc","XLII_Korrin visual
FireAll XLII_KorrinCChicoOptions","He has the port authority's atmospheric assay open - the public one, handed out free at the customs desk.

""Sulphur compounds, refining by-products, actinides at a level the sheet calls manageable. Two hundred cycles of meeting quotas did that.""

He sets the slate down.

""I asked a bonded secretary downstairs what her office held on a system called Fafnir. She was helpful. She asked me to spell it, and then she asked me if I was sure.""

That gets a short laugh out of him.

""So I have given up on the large questions and I would like a small one answered. Do they go outside? There are more people under that sky than I have ever seen counted on a single document. Nothing in here tells me whether a man on Chicomoztoc walks to work in the open air.""",,"Hegemony thread. Queued by KorrinObserver on docking at Chicomoztoc. The question is deliberately unglamorous - his bible has him asking about weather and what people eat, and the Athebyne resonance lands harder for never being said."
XLII_korrin_c_chico_opt_outside,XLII_KorrinCChicoOptions,,,,"10:korrin_heg_chico_outside:They go outside, just not for long",
XLII_korrin_c_chico_opt_sealed,XLII_KorrinCChicoOptions,,,,"11:korrin_heg_chico_sealed:No, it's sealed end to end",
XLII_korrin_c_chico_opt_later,XLII_KorrinCChicoOptions,,,,"100:korrin_defer:Not now",
XLII_korrin_a_chico_outside,DialogOptionSelected,"$option == korrin_heg_chico_outside","XLII_Korrin topicDone
XLII_Korrin rep 0.05","""That is the first thing anybody has told me about this place that I could not have read from here.""

He writes it down, and seems more pleased with it than the sentence obviously justifies.

""Twenty minutes and a filter mask, at a guess. Sounds a lot like somewhere back home...""

""I had assumed the answer would be no. It is pleasant to be wrong about something before lunch.""","1:korrin_done:Leave it there",
XLII_korrin_a_chico_sealed,DialogOptionSelected,"$option == korrin_heg_chico_sealed","XLII_Korrin topicDone
XLII_Korrin rep 0.04","""Sealed end to end. So the sky is rare commodity.""

He turns that over for a moment.

""Then the assay is not a warning. It is a weather report for a place nobody stands in, printed because somebody's charter says it has to be.""

He puts the slate away.

""I would like to know what two hundred cycles of that does to a population. I expect the honest answer is that nobody has asked.""","1:korrin_done:Leave it there","Both answers are honest and neither is a trap - what he wants is a fact he could not have got from a document."
XLII_korrin_c_jangala,XLII_KorrinComment,"XLII_Korrin topicIs korrin_market_jangala","XLII_Korrin visual
FireAll XLII_KorrinCJangalaOptions","""Commander. I have spent the layover reading Jangala's export schedule, which I accept is not what an observation deck is for.""

He has it open anyway.

""Feedstock, food products, xenobiological stock nobody else in the Sector can supply. Most Luddic sects hold the world sacred. The Hegemony has kept a garrison over it since forever.""

""Fifty cycles of that, and the farms are still farms.""

He looks up.

""How is that done? Not the doctrine - I have the doctrine, it runs to four pages and says nothing useful. The procedure. Somebody holds a world that does not want them and does not shell it. I want to know what that looks like from the inside. Because in my experience it looks like ordnance.""",,"Hegemony thread, the heaviest of the four - his own war asked as a procurement question. Queued on docking at Jangala."
XLII_korrin_c_jang_opt_reports,XLII_KorrinCJangalaOptions,,,,"10:korrin_heg_jang_reports:They shell it, you haven't read those reports",
XLII_korrin_c_jang_opt_supply,XLII_KorrinCJangalaOptions,,,,"11:korrin_heg_jang_supply:They need the harvest more than they need the obedience",
XLII_korrin_c_jang_opt_luddics,XLII_KorrinCJangalaOptions,,,,"12:korrin_heg_jang_luddics:Luddites, they'd fold at the first orbital strike anyway",
XLII_korrin_c_jang_opt_later,XLII_KorrinCJangalaOptions,,,,"100:korrin_defer:Not now",
XLII_korrin_a_jang_reports,DialogOptionSelected,"$option == korrin_heg_jang_reports","XLII_Korrin topicDone
XLII_Korrin rep 0.04","""Then I would like to read them, and I notice nobody has offered.""

He writes the request down regardless.

""A garrison that shells a holy world every twenty cycles and files it as a pacification is a thing I understand. It is what we did, in better weather.""

""What I cannot understand is a garrison that does not. That is the version I came here hoping to find.""","1:korrin_done:Leave it there",
XLII_korrin_a_jang_supply,DialogOptionSelected,"$option == korrin_heg_jang_supply","XLII_Korrin topicDone
XLII_Korrin rep 0.05","""Then it is not restraint. It is a supply line.""

""I guess restraint is a decision somebody has to keep making every morning, and mornings change. A supply line has to be replaced before anybody can afford to change their mind about it.""

He writes it down.

""I have spent a long time looking for the moral difference between one thing and another. It may only ever have been a freight schedule.""","1:korrin_done:Leave it there","The answer that lands. He reads freight manifests for pleasure - the conclusion arrives in the vocabulary he actually thinks in."
XLII_korrin_a_jang_luddics,DialogOptionSelected,"$option == korrin_heg_jang_luddics","XLII_Korrin topicDone
XLII_Korrin rep -0.05","""They have held a growing season through fifty cycles of martial law. Folding is not the word.""

He does not raise his voice, and he does not let it go either.

""The last people described to me in that tone were on Ring-Port. The assessment on my desk said one serious push. It took eleven months, and I was the push.""

""Contempt gets the timing wrong, Commander. That is the only thing I have ever seen it do.""","1:korrin_done:Leave it there","TRAP - contempt for a population. He refuses the premise in specifics rather than withdrawing. Terminal."
XLII_korrin_c_ragnar,XLII_KorrinComment,"XLII_Korrin topicIs korrin_market_ragnar_complex","XLII_Korrin visual
FireAll XLII_KorrinCRagnarOptions","He has the docking register open, and has gone a good deal further into it than berthing requires.

""Ninety-one hulls parked out there that nobody intends to use this cycle. Some are queued for refit. Some are queued for the tow to Arcadia and the breakers. Several are queued for both, in that order, and have been since before I was born.""

He continues to scroll.

""The Alliance has never once had a hull it could afford to leave parked. Everything we own is flying, or used as parts for something that will.""

He stops on an entry.

""The dockmaster told me this complex is traditionally commanded by a senior officer at the end of his usefulness. There is a posting here for a man who has stopped being needed... We do not have those.""",,"Hegemony thread. An August question asked about somebody else's navy - queued on docking at Ragnar Complex."
XLII_korrin_c_rag_opt_sack,XLII_KorrinCRagnarOptions,,,,"10:korrin_heg_rag_sack:It's where they put the officers they can't sack",
XLII_korrin_c_rag_opt_august,XLII_KorrinCRagnarOptions,,,,"11:korrin_heg_rag_august:You have someone in mind",
XLII_korrin_c_rag_opt_later,XLII_KorrinCRagnarOptions,,,,"100:korrin_defer:Not now",
XLII_korrin_a_rag_sack,DialogOptionSelected,"$option == korrin_heg_rag_sack","XLII_Korrin topicDone
XLII_Korrin rep 0.03","""That's what I said, the dockmaster corrected me.""

""He said it is where they put the officers they do not have to sack. He thought the distinction was obvious, and I have been chewing on it since.""

He writes it down.

""An institution with somewhere to put its old men never has to decide anything about them. That is either mercy or a filing system. I would want to see the pension schedule before I said which.""","1:korrin_done:Leave it there",
XLII_korrin_a_rag_august,DialogOptionSelected,"$option == korrin_heg_rag_august","XLII_Korrin topicDone
XLII_Korrin rep 0.06","""Yes.""

No hedging, and no attempt to make it a smaller question than it is.

""August is old. He has been old for a long time and everybody has agreed not to notice. There is no Ragnar in Fafnir. No complex to be sent to, no schedule, no berth - there is the post. And there is whatever happens when he is no longer in it.""

He closes the register.

""The second one is not written down anywhere. I have looked, Commander. Finding that sort of thing is what I am good at, and it is not there.""","1:korrin_done:Leave it there","Feeds the august and succession casual topics without spending either. Ungated deliberately - the option reads fine to a player who has not opened those."
XLII_korrin_c_coatl,XLII_KorrinComment,"XLII_Korrin topicIs korrin_market_coatl","XLII_Korrin visual
FireAll XLII_KorrinCCoatlOptions","He is reading something he has printed onto paper, which he does not often bother to do.

""Coatl runs the Aztlan command's training. The syllabus is posted in the concourse on a board where anybody can read it. I stood in front of it for twenty minutes and nobody asked me why.""

He indicates a line partway down the sheet.

""AI compliance inspection. Three weeks. It sits between customs procedure and small-craft boarding, and the same rated crews rotate through the three.""

He sets the sheet down.

""I have spent my working life, like most in my line of work, afraid of this system. So tell me what the procedure actually is. Either we have been a great deal safer than I was told, or we have been lucky for fifty cycles. I would like to know which one I am living in.""",,"Hegemony thread. Answers the question he asks in the sector casual topic - do they actually inspect. Queued on docking at Coatl."
XLII_korrin_c_coatl_opt_works,XLII_KorrinCCoatlOptions,,,,"10:korrin_heg_coatl_works:Anything with a core in it gets found",
XLII_korrin_c_coatl_opt_dull,XLII_KorrinCCoatlOptions,,,,"11:korrin_heg_coatl_dull:They only bother with what's interesting",
XLII_korrin_c_coatl_opt_later,XLII_KorrinCCoatlOptions,,,,"100:korrin_defer:Not now",
XLII_korrin_a_coatl_works,DialogOptionSelected,"$option == korrin_heg_coatl_works","XLII_Korrin topicDone
XLII_Korrin rep 0.05","""Then we have not been lucky. We have been covered.""

He does not look pleased to have arrived there.

""Cover is a thing somebody provides, and nobody has ever provided it out of good feeling. Somebody is paying. I do not know the currency, and I have exactly enough clearance to know that I am not cleared for it.""

""I would rather have been lucky.""","1:korrin_done:Leave it there","Points at the Tri-Tachyon arrangement without naming it. He has not been told and cannot be."
XLII_korrin_a_coatl_dull,DialogOptionSelected,"$option == korrin_heg_coatl_dull","XLII_Korrin topicDone
XLII_Korrin rep 0.04","""So the thing keeping the Alliance alive is that we are not interesting.""

He enjoys that, and then visibly dislikes enjoying it.

""I think I am pretty good at being uninteresting, making things look uninteresting. I have always thought of it as a personal eccentricity.""

He folds the sheet into his coat.

""It appears to also be the strategic posture.""

A soft laugh follows.

""Nobody has ever mentioned that I was doing foreign policy.""","1:korrin_done:Leave it there","Lands on his blind spot from the other side - being uninteresting as survival, at both scales."
XLII_korrin_c_culann,XLII_KorrinComment,"XLII_Korrin topicIs korrin_market_culann","XLII_Korrin visual
FireAll XLII_KorrinCCulannOptions","He is turning a cup of something gone cold over in both hands, not drinking it.

""Commander. I have been on that concourse for two hours and I have not written a single thing down.""

""There is a battlestation over this rock at its heaviest rating, a garrison on the surface under it, and heavy batteries between the two. That is not how a company defends a factory. It is how a state defends a border.""

He sets the cup down without having drunk any of it.

""So I have one question I am comfortable asking on this deck. Who is it for? Who do they actually expect.""",,"Tri-Tachyon thread opener. The register is careful rather than curious - he has a guess he has never filed, and the cold cup standing in for the notes he never took is the tell. Queued by KorrinObserver on docking at Culann."
XLII_korrin_c_cul_opt_heg,XLII_KorrinCCulannOptions,,,,"10:korrin_tt_cul_heg:The Hegemony",
XLII_korrin_c_cul_opt_price,XLII_KorrinCCulannOptions,,,,"11:korrin_tt_cul_price:Everyone",
XLII_korrin_c_cul_opt_say,XLII_KorrinCCulannOptions,,,,"12:korrin_tt_cul_say:Whatever you're thinking - just say it",
XLII_korrin_c_cul_opt_later,XLII_KorrinCCulannOptions,,,,"100:korrin_defer:Not now",
XLII_korrin_a_cul_heg,DialogOptionSelected,"$option == korrin_tt_cul_heg","XLII_Korrin topicDone
XLII_Korrin rep 0.05","""Then they are the only people in the Sector who have built for the war they are actually in.""

He turns that over for a moment.

""The Hegemony wants what is done here stopped and cannot afford to say so plainly. So it stays a customs matter until the day it stops being one. Everybody involved knows that day is coming. Nobody will be the first to put a date on it.""

He looks up at the fortress arms, briefly.

""I have spent my working life inside that arrangement without once seeing it from the outside. It is a great deal uglier from here.""","1:korrin_done:Leave it there",
XLII_korrin_a_cul_price,DialogOptionSelected,"$option == korrin_tt_cul_price","XLII_Korrin topicDone
XLII_Korrin rep 0.04","""The price is remarkably high and nobody appears to have complained about it.""

He looks along the berthing arms for longer than the answer needs.

""A company that keeps a fleet, a garrison and a fortress has not bought protection. It has stopped needing to buy any. There ought to be a word for that.""

A beat and a moment.

""They are not hiding what they are. They file it under a different heading, and everybody has agreed to read the heading.""","1:korrin_done:Leave it there",
XLII_korrin_a_cul_say,DialogOptionSelected,"$option == korrin_tt_cul_say","XLII_Korrin topicDone
XLII_Korrin rep -0.05","""We are standing on their deck, breathing air they sell, under a fortress they built. I have a guess. I have had it a long time and I have never once put it into a document. That is not caution - that is the whole of my professional life in a single decision.""

He takes out his slate, opens it, and begins recording the berthing charges. He has not touched it all afternoon.

""You may raise it again in Fafnir if you want to, Commander. Not here.""","1:korrin_done:Leave it there","TRAP - pushing him to say it out loud on a Tri-Tachyon deck. He refuses in specifics and retreats into clerk behaviour, which is the legible loss: the document comes back out. Terminal. Do not write a version where he lands it."
XLII_korrin_c_eochu,XLII_KorrinComment,"XLII_Korrin topicIs korrin_market_eochu_bres","XLII_Korrin visual
FireAll XLII_KorrinCEochuOptions","He has the port's general declaration schedule open. It is one page. He turns it over to check, and it is still one page.

""Commander. I have spent the layover trying to buy a copy of the customs tariff for this port. I have been told - politely, four separate times - that there is not one.""

He appears torn between delight and something considerably less comfortable.

""I knew the term. I did not understand it until I stood in a megaport and watched a bonded hauler declare eleven thousand tonnes as goods.""

He turns the schedule over once more, as if it might have grown a second page.

""This is the first place I have been where nobody bothers with the telling. So who reads anything here? A port this size does not run on trust. I would like to know where the actual record is kept.""",,"Tri-Tachyon thread. The manifest man in the one port that has abolished the manifest. Queued on docking at Eochu Bres."
XLII_korrin_c_eoc_opt_company,XLII_KorrinCEochuOptions,,,,"10:korrin_tt_eoc_company:The company reads it",
XLII_korrin_c_eoc_opt_nobody,XLII_KorrinCEochuOptions,,,,"11:korrin_tt_eoc_nobody:Nobody. That is the product",
XLII_korrin_c_eoc_opt_ledger,XLII_KorrinCEochuOptions,,,,"12:korrin_tt_eoc_ledger:Try finding the dockmaster's ledger",
XLII_korrin_c_eoc_opt_later,XLII_KorrinCEochuOptions,,,,"100:korrin_defer:Not now",
XLII_korrin_a_eoc_company,DialogOptionSelected,"$option == korrin_tt_eoc_company","XLII_Korrin topicDone
XLII_Korrin rep 0.05","""Of course.""

He says it the way a man does when he has been holding something the wrong way round for an hour.

""It is not an absence of records. It is a monopoly on them. Every party here is unaudited by everybody except the one that owns the floor they are standing on.""

""That is a better instrument than ours by a considerable margin. Ours requires people to be careful. Theirs only requires them to be somewhere.""","1:korrin_done:Leave it there",
XLII_korrin_a_eoc_nobody,DialogOptionSelected,"$option == korrin_tt_eoc_nobody","XLII_Korrin topicDone
XLII_Korrin rep 0.03","""Then discretion is the commodity and the freight is incidental.""

He watches the traffic on the concourse for a while, counting something.

""My career has been treating secrecy as a cost. A thing you pay in order to keep something. Here it is stock. It sits on a shelf, it has a price, and somebody is running a margin on it.""

""I do not yet know why that unsettles me more than the alternative did.""","1:korrin_done:Leave it there",
XLII_korrin_a_eoc_ledger,DialogOptionSelected,"$option == korrin_tt_eoc_ledger","XLII_Korrin topicDone
XLII_Korrin rep 0.04","""I found it in ninety minutes and it cost me one drink.""

He is pleased about this and makes no attempt to hide it.

""Berth assignments, mass on and mass off, hull registries where the crew could be bothered. Nobody is concealing any of it because nobody has ever asked. A free port is not a port without records. It is a port where the records are dull enough that no one reads them.""

He almost smiles.

""That is the most reassuring thing I have learned since leaving Fafnir. I am extremely employable here.""","1:korrin_done:Leave it there","The funny one, and the one that most sounds like him. His method works better here than at home, which he finds restful and does not examine."
XLII_korrin_c_tibicena,XLII_KorrinComment,"XLII_Korrin topicIs korrin_market_tibicena","XLII_Korrin visual
FireAll XLII_KorrinCTibicenaOptions","He has a labor schedule open - a roster of shifts and terms, which is a document he has been asking three separate offices for since you docked.

""Commander. Very nearly everybody on this rock is here on a contract with an end date printed on it.""

He scrolls.

""High gravity, tectonic activity, no atmosphere, and ore in quantities that would fund the Alliance twice over. A company does not settle a world like this. It rotates people through it.""

He looks up.

""So I would like to know what the end date means in practice. When a contract runs out on Tibicena, where does the person actually go? There is a berth home written into the terms - I have read the terms. What I want to know is whether anybody takes it.""",,"Tri-Tachyon thread, and the personal one. His grandparents were contract labour off-world on the day their state stopped existing; the third option reaches that without him volunteering it. Queued on docking at Tibicena."
XLII_korrin_c_tib_opt_renew,XLII_KorrinCTibicenaOptions,,,,"10:korrin_tt_tib_renew:They re-sign. There is nothing to go back to",
XLII_korrin_c_tib_opt_home,XLII_KorrinCTibicenaOptions,,,,"11:korrin_tt_tib_home:Most take the berth. It is a job, not a life",
XLII_korrin_c_tib_opt_why,XLII_KorrinCTibicenaOptions,,,,"12:korrin_tt_tib_why:Why does the last clause matter so much to you?",
XLII_korrin_c_tib_opt_later,XLII_KorrinCTibicenaOptions,,,,"100:korrin_defer:Not now",
XLII_korrin_a_tib_renew,DialogOptionSelected,"$option == korrin_tt_tib_renew","XLII_Korrin topicDone
XLII_Korrin rep 0.05","""So the end date is decoration?""

He does not sound surprised. He does not sound satisfied either.

""A term nobody exercises is not a term. It is a description of the place people are already living, written in the tense of somewhere they are going to leave.""

He closes the schedule.

""I would want the second-generation figures. If there are children on this rock who were born to a rotation, the company has founded a colony and filed it as staffing. Somebody ought to tell them. I do not believe they have noticed.""","1:korrin_done:Leave it there",
XLII_korrin_a_tib_home,DialogOptionSelected,"$option == korrin_tt_tib_home","XLII_Korrin topicDone
XLII_Korrin rep 0.04","""Good, I think.""

""Then it is work. Hard work at a bad address, which is an ordinary thing, and I have read a great deal this cycle that was not.""

He thinks for a brief second.

""I would still like to know how many go and how many are back inside the same cycle. A berth home you use twice is a commute, and that is a different arrangement entirely. Nobody's paperwork would show the difference.""","1:korrin_done:Leave it there",
XLII_korrin_a_tib_why,DialogOptionSelected,"$option == korrin_tt_tib_why","XLII_Korrin topicDone
XLII_Korrin rep 0.05","""My grandparents were contract labor off-world.""

He says it the way you would give somebody an address.

""A rotation on Tiamat, with a berth home written into the terms. They were most of a year into it when their home stopped existing. Nobody canceled the contract. There was simply nowhere left for the last clause to send them.""

He puts the schedule away.

""So when I am handed one of these I read the end of it first and the fine print. It's the only part of the document that matters.""","1:korrin_done:Leave it there","Reaches the stranded-descent material through somebody else's paperwork. He states the fact and lets the player do the arithmetic - no confession, and no sympathy offered."
XLII_korrin_c_porttse,XLII_KorrinComment,"XLII_Korrin topicIs korrin_market_port_tse","XLII_Korrin visual
FireAll XLII_KorrinCPortTseOptions","He has been reading a recruitment board, which on Port Tse is a physical board with physical paper on it.

""Commander. Four captains are advertising here today. Two of them list previous employers by name.""

He indicates one of the sheets.

""This man flew for the Hegemony, then for a League house, and is now offering both facts as a qualification. Nobody has painted over it. It is the advertisement.""

He steps back from the board.

""In the Alliance Navy a man's fleet is the one thing about him that is not negotiable. It is the last property anybody has left. I have spent the morning trying to work out whether these people are for sale or simply employed. I cannot get the question to come out right.""",,"Tri-Tachyon thread. A stratocracy man looking at hired violence. The third option turns it back on him and he takes it squarely. Queued on docking at Port Tse."
XLII_korrin_c_tse_opt_employed,XLII_KorrinCPortTseOptions,,,,"10:korrin_tt_tse_employed:It's a contract - just not for life",
XLII_korrin_c_tse_opt_sale,XLII_KorrinCPortTseOptions,,,,"11:korrin_tt_tse_sale:Basically for sale",
XLII_korrin_c_tse_opt_you,XLII_KorrinCPortTseOptions,,,,"12:korrin_tt_tse_you:You are describing yourself",
XLII_korrin_c_tse_opt_later,XLII_KorrinCPortTseOptions,,,,"100:korrin_defer:Not now",
XLII_korrin_a_tse_employed,DialogOptionSelected,"$option == korrin_tt_tse_employed","XLII_Korrin topicDone
XLII_Korrin rep 0.05","""Then the difference is the term and not the loyalty.""

He accepts it, and tests it immediately, which from him is the same thing as accepting it.

""A six-month term and a hundred-cycle term are the same instrument at different lengths. Ours is not written down at all. I had always taken that for the strongest version of it.""

He looks back at the board.

""I notice that an unwritten term is also the one nobody can show you the end of.""","1:korrin_done:Leave it there",
XLII_korrin_a_tse_sale,DialogOptionSelected,"$option == korrin_tt_tse_sale","XLII_Korrin topicDone
XLII_Korrin rep 0.04","""I did ask - the house steward found the question funny.""

He repeats the answer he was given without decorating it.

""He said a captain who breaks a contract on Port Tse does not get a worse contract. He gets no board. That board is the entire apparatus - there is no court in it, no charter and no oath. It holds because there is nowhere else to stand.""

""That is deterrence. I recognize it. I had not expected to recognize it in a job advertisement.""","1:korrin_done:Leave it there",
XLII_korrin_a_tse_you,DialogOptionSelected,"$option == korrin_tt_tse_you","XLII_Korrin topicDone
XLII_Korrin rep 0.06","""...Yes.""

He does not reach for the distinction, which is his usual move, and you can watch him decide not to.

""I am on secondment. It is written down, it has a form number, and Fafnir considers me theirs the entire time I am stood here. I have told myself that for months and it has never once come out sounding any different to what is on that board.""

A pause.

""The difference I was hunting for was one that put me on the correct side of it. Thank you for not helping me find it.""

Despite the tone, he is smiling.","1:korrin_done:Leave it there","He takes the hit squarely and thanks the player for it - the established shape for a landed observation. No trap in this block; the thread's one trap is at Culann."
XLII_korrin_c_mairaath,XLII_KorrinComment,"XLII_Korrin topicIs korrin_market_mairaath","XLII_Korrin visual
FireAll XLII_KorrinCMairaathOptions","""Commander. There is a pirate station in this orbit and it has been here long enough to have a name. It used to be one of Mairaath's three orbital cities.""

He has the system traffic listing open, and has plainly been through it twice.

""Mairaath is a member world. What's left of one. Three cities, before the Path came through - one went into the ground whole, and that station was another. The Hegemony finished off what was left of the system's own fleet within the week, and called it annexation.""

""A spaceport, a farm, ruins, and no ground defenses of any kind. Not reduced - none.""

He sets the slate down.

""I have spent my entire life inside a thing that calls itself an alliance. Two worlds that hate one another, held together by one man and the fact that neither can eat without the other. I had always assumed the voluntary ones - the ones with charters - worked better than that.""

""So what does a coalition actually owe a member it cannot defend? The practical answer. I have read the constitutional one.""",,"The League block, and the only question in that thread - see work/outline/korrin-reactions.md. Everything else the League gets is a bark. Queued on docking at Mairaath."
XLII_korrin_c_mai_opt_seat,XLII_KorrinCMairaathOptions,,,,"10:korrin_pl_mai_seat:A vote and a seat",
XLII_korrin_c_mai_opt_bill,XLII_KorrinCMairaathOptions,,,,"11:korrin_pl_mai_bill:Whatever the other members will pay for",
XLII_korrin_c_mai_opt_fleet,XLII_KorrinCMairaathOptions,,,,"12:korrin_pl_mai_fleet:Would the Alliance have done the same as the Hegemony?",
XLII_korrin_c_mai_opt_later,XLII_KorrinCMairaathOptions,,,,"100:korrin_defer:Not now",
XLII_korrin_a_mai_seat,DialogOptionSelected,"$option == korrin_pl_mai_seat","XLII_Korrin topicDone
XLII_Korrin rep 0.05","""A vote and a seat...""

He does not dismiss it. He weighs it, and it takes him a moment.

""That is not nothing. A world with a vote is a world somebody is obliged to argue with. The arguing goes onto a record, and the record outlives the pirates. I would not sneer at it. We have never had one.""

He picks the slate back up.

""It is also worth precisely nothing to a farmer in the next growing season. I should not care to be the man who has to say both of those sentences in the same room.""","1:korrin_done:Leave it there",
XLII_korrin_a_mai_bill,DialogOptionSelected,"$option == korrin_pl_mai_bill","XLII_Korrin topicDone
XLII_Korrin rep 0.05","""Then a charter is a subscription.""

He turns it over, and does not look pleased with where it comes to rest.

""Which is honest, at least, and honest is a good deal more than I expected. Ours is not written down anywhere and it is enforced by military might. I had always assumed that was the primitive version of this.""

""An unwritten obligation cannot be reduced by a committee. That may be the only advantage the Alliance has ever held. It also does not outlive him.""","1:korrin_done:Leave it there",
XLII_korrin_a_mai_fleet,DialogOptionSelected,"$option == korrin_pl_mai_fleet","XLII_Korrin topicDone
XLII_Korrin rep 0.03","""We would have. Inside the week, and without asking Kori for the fuel.""

He says plainly.

""And the group that arrived would be the group that burned Athebyne, under officers who did that and were decorated for it.""

He closes the traffic listing.

""I would still rather they came. I have not worked out whether that is loyalty, or whether I have simply never had enough pride as an Athebynian.""","1:korrin_done:Leave it there","Holds four true things at once without asking to be absolved of any. Not a trap."
XLII_korrin_c_kori,XLII_KorrinComment,"XLII_Korrin topicIs korrin_market_kori_market","XLII_Korrin visual
FireAll XLII_KorrinCKoriOptions","He has found the personnel corridor without being told where it was, which should not surprise you.

""Third shift, this building, four years before Ring-Port. That office there processed requisitions. I filed several thousand of them and read considerably more, which was not in the job description.""

He glances up at the levels visible through the gantry - the ones with actual traffic on them.

""I have never been inside where the Fleet Admiral works from. I could tell you the requisition number for the door, if that is any use to you.""

Something that is almost a smile.

""It would not be the strangest thing I have read to somebody without a reason.""",,"Queued by KorrinObserver on docking at Kori. Low-stakes home-thread content - his own old posting, not the Fleet Admiral's levels above it. No trap; both answers are warm."
XLII_korrin_c_kori_opt_ask,XLII_KorrinCKoriOptions,,,,"10:korrin_kori_ask:Go on, then",
XLII_korrin_c_kori_opt_pass,XLII_KorrinCKoriOptions,,,,"11:korrin_kori_pass:Some things should stay filed",
XLII_korrin_c_kori_opt_later,XLII_KorrinCKoriOptions,,,,"100:korrin_defer:Not now",
XLII_korrin_a_kori_ask,DialogOptionSelected,"$option == korrin_kori_ask","XLII_Korrin topicDone
XLII_Korrin rep 0.04","""Bulkhead four, sub-level two, requisition ninety-one dash C."" He says it exactly the way he must have typed it a thousand times.

""It is, on reflection, a very boring number. I am not sure what I expected reciting it back to feel like. Marginally better than this, probably.""

He seems entirely satisfied regardless.","1:korrin_done:Leave it there",
XLII_korrin_a_kori_pass,DialogOptionSelected,"$option == korrin_kori_pass","XLII_Korrin topicDone
XLII_Korrin rep 0.03","""Wise."" He says it lightly. ""It was filed correctly the first time. There is no version of that number that improves with repetition.""

He looks back at the office a moment longer than the joke needs.

""I liked this building more than I expected to, for what that is worth.""","1:korrin_done:Leave it there",
XLII_korrin_c_athebyne,XLII_KorrinComment,"XLII_Korrin topicIs korrin_market_athebyne_market","XLII_Korrin visual
FireAll XLII_KorrinCAthebyneOptions","He has not said much since the dome lights came up on the approach vector.

""I have read the survey reports...""

He is turning one over in his hands without appearing to read it again.

""I have never actually been here.""

""I am not going to pretend this means something it does not. I was born on Itoron, forty cycles after the fire. Whatever this place is owed, it is not owed to me.""

He puts the manifest away properly this time.

""I would just like to know one thing that is not on a report. Does anybody down there still complain about the food?""",,"Queued by KorrinObserver on docking at Athebyne - his first time actually setting foot there, per his bible (stranded descent, not lifted; born on Itoron forty cycles after the fire). Deliberately does not narrate grief or claim standing to mourn it - see character_profile-korrin.md 'Do not make him grieve Athebyne'. No trap; both answers are true and neither is contempt for anyone."
XLII_korrin_c_ath_opt_charges,XLII_KorrinCAthebyneOptions,,,,"10:korrin_ath_charges:Freshness would charge by the gram down here",
XLII_korrin_c_ath_opt_nobody,XLII_KorrinCAthebyneOptions,,,,"11:korrin_ath_nobody:Complaining assumes there's a comparison to make",
XLII_korrin_c_ath_opt_later,XLII_KorrinCAthebyneOptions,,,,"100:korrin_defer:Not now",
XLII_korrin_a_ath_charges,DialogOptionSelected,"$option == korrin_ath_charges","XLII_Korrin topicDone
XLII_Korrin rep 0.05","""Freshness charges by the gram.""

He repeats, and almost laughs.

""So they have found a way to make Itoron's rain expensive from two systems away. I admire the persistence, if nothing else about it.""

He makes a note, lighter than the last one.","1:korrin_done:Leave it there",
XLII_korrin_a_ath_nobody,DialogOptionSelected,"$option == korrin_ath_nobody","XLII_Korrin topicDone
XLII_Korrin rep 0.05","He sits with that a moment. Not the tell - he heard it, and he is answering it properly.

""No comparison to make. That is a plainer sentence than I expected to get out of this conversation, and I think it is probably the true one - to be honest.""

He does not try to improve on it.","1:korrin_done:Leave it there",
XLII_korrin_c_michal_trace_costly,XLII_KorrinComment,"XLII_Korrin topicIs korrin_michal_trace
$global.XLII_raidCostly","XLII_Korrin visual
FireAll XLII_KorrinCMichalCostlyOptions","He has the trace report open. It is a short document.

""The Ring-Port administrative archive did not survive the assault I ordered. Michal's file went with the rest of it.""

""There is no answer here, Commander. There is not going to be one. I set the timing myself and I would set it again.""

""And this is a piece of what that costs.""",,"Michal trace resolution, costly variant - two conditions outscores the clean row below. Queued from XLII_korrin_n_michal_do in Casual Topics."
XLII_korrin_c_mt_opt_sorry,XLII_KorrinCMichalCostlyOptions,,,,"10:korrin_mt_sorry:I'm sorry",
XLII_korrin_c_mt_opt_not_you,XLII_KorrinCMichalCostlyOptions,,,,"11:korrin_mt_not_you:That's not on you",
XLII_korrin_c_mt_opt_later_a,XLII_KorrinCMichalCostlyOptions,,,,"100:korrin_defer:Not now",
XLII_korrin_a_mt_sorry,DialogOptionSelected,"$option == korrin_mt_sorry","XLII_Korrin topicDone
$global.XLII_korrin_michal_resolved = true
XLII_Korrin rep 0.03","""Thank you.""

He does not linger on it. He closes the report instead, cleanly, the way he closes anything he is finished with.

""I would rather do something with that than carry it.""","1:korrin_done:Leave it there",
XLII_korrin_a_mt_not_you,DialogOptionSelected,"$option == korrin_mt_not_you","XLII_Korrin topicDone
$global.XLII_korrin_michal_resolved = true
XLII_Korrin rep 0.04","""No. It is on the men and women who held that station before I got there, and it is on whoever gave the order that made holding it necessary.""

A beat.

""It is a partly on me too... I suppose, I have room for all three.""

He goes quiet.","1:korrin_done:Leave it there",
XLII_korrin_c_michal_trace_clean,XLII_KorrinComment,"XLII_Korrin topicIs korrin_michal_trace","XLII_Korrin visual
FireAll XLII_KorrinCMichalCleanOptions","He has the trace report open, and has read it more than once.

""Transfer order, dated eleven days before the assault. Michal was reassigned to a records post in Hegemony space before Ring-Port ever fell.""

""He is alive, as far as any Alliance system can tell me. He is also a great deal of paperwork away from ever hearing that I looked.""",,"Michal trace resolution, default/clean variant."
XLII_korrin_c_mt_opt_good,XLII_KorrinCMichalCleanOptions,,,,"10:korrin_mt_good:That's good news",
XLII_korrin_c_mt_opt_not_relieved,XLII_KorrinCMichalCleanOptions,,,,"11:korrin_mt_not_relieved:You don't sound relieved",
XLII_korrin_c_mt_opt_later_b,XLII_KorrinCMichalCleanOptions,,,,"100:korrin_defer:Not now",
XLII_korrin_a_mt_good,DialogOptionSelected,"$option == korrin_mt_good","XLII_Korrin topicDone
$global.XLII_korrin_michal_resolved = true
XLII_Korrin rep 0.03","""It is.""

He says plainly.

""I would still rather have bought him a drink about it than a transfer order.""","1:korrin_done:Leave it there",
XLII_korrin_a_mt_not_relieved,DialogOptionSelected,"$option == korrin_mt_not_relieved","XLII_Korrin topicDone
$global.XLII_korrin_michal_resolved = true
XLII_Korrin rep 0.05","""I am relieved. I would also like to shake his hand, but that is not somewhere I get to do that.""

He puts the report away.

""Relief and closure are not the same document. I have the first. I was not expecting the second.""","1:korrin_done:Leave it there",
XLII_korrin_c_ga_archive,XLII_KorrinComment,"XLII_Korrin topicIs korrin_ga_archive","XLII_Korrin visual
FireAll XLII_KorrinCGaArchiveOptions","""Commander."" He has a data slate face-down on the table, which is not where he usually keeps them.

""'Someone' planted a hyperwave tap on the Aztlan Relay, broke Hegemony crypto through it, and pulled an archive out of a Ministry datavault two systems away. Basically my exact old job, right down to the panic - the man on the inside of a hack like that always panics first, however good he is.""

A pause, delivered like the question is idle. It is not. However, he gives a sly smile towards you.

""The one who runs Baird's errands. Sebestyen. Is he any good at looking calm?""",,"Galatia Academy thread, opener. Queued on gaKA_missionCompleted (Kallichore Archive heist). Calibration case from the character bible (The Numbing) - clinical recognition, not kinship. Converges into a second pick via XLII_KorrinCGaArchiveFollowup."
XLII_korrin_c_ga_arc_opt_terrified,XLII_KorrinCGaArchiveOptions,,,,"10:korrin_ga_arc_terrified:He's terrified",
XLII_korrin_c_ga_arc_opt_fine,XLII_KorrinCGaArchiveOptions,,,,"11:korrin_ga_arc_fine:He seemed fine",
XLII_korrin_c_ga_arc_opt_later,XLII_KorrinCGaArchiveOptions,,,,"100:korrin_defer:Not now",
XLII_korrin_a_ga_arc_terrified,DialogOptionSelected,"$option == korrin_ga_arc_terrified","FireAll XLII_KorrinCGaArchiveFollowup","""That's the job.""

""I was good at it. Better than good, if I'm honest - nobody on that station ever caught me rattled. Not once.""

He turns the slate over, finally, which costs him something to do.

""I don't know what that says about what came before it, or after. It doesn't change whether it worked.""

He puts the slate away.

""Did the archive give her what she wanted?""",,
XLII_korrin_a_ga_arc_fine,DialogOptionSelected,"$option == korrin_ga_arc_fine","FireAll XLII_KorrinCGaArchiveFollowup","""He wasn't.""

A flat correction, although not stated as a challenge.

""Panic doesn't go away because you're good at this. It just stops being visible. Otherwise you're just a sanctioned psychopath.""

""I was better at that than anyone gave me credit for. If Sebestyen read as fine, either he's already that good, or somebody's lying to you about which. But I doubt he's 'just that good'.""

He does not wait for an answer.

""Did she get what she came for?""",,
XLII_korrin_c_ga_arc_opt_worked,XLII_KorrinCGaArchiveFollowup,,,,"10:korrin_ga_arc_worked:As far as I can tell, yes",
XLII_korrin_c_ga_arc_opt_unclear,XLII_KorrinCGaArchiveFollowup,,,,"11:korrin_ga_arc_unclear:She hasn't told anyone. Not that I've heard",
XLII_korrin_a_ga_arc_worked,DialogOptionSelected,"$option == korrin_ga_arc_worked","XLII_Korrin topicDone
XLII_Korrin rep 0.05","""Then Sebestyen did his job, and that's the end of the accounting.""

He says it plainly.

A pause. The kind where you can watch him decide whether to finish the thought.

""I've worked for people like that. They don't shortchange you and they don't thank you, because in their mind those are the same transaction. I used to think it was cruelty, it isn't - gratitude just costs something, and the ledger doesn't carry a line for it.""

He closes the slate.

""Whether Sebestyen's worked that out yet, I couldn't tell you.""","1:korrin_ga_arc_close:Understood","Oblique Baird/August parallel per base-game-story-missions.md - never names August; the reader of his bible should recognize the arithmetic without it being stated."
XLII_korrin_a_ga_arc_unclear,DialogOptionSelected,"$option == korrin_ga_arc_unclear","XLII_Korrin topicDone
XLII_Korrin rep 0.03","""Then she's already decided it doesn't concern him.""

Flat and matter-of-fact.

""That's not unusual, for the kind running this. You get the job, not the outcome. I never found out how half of mine ended, either.""

A beat. He changes the subject faster than the moment calls for.

""Anyway. Small thing to fixate on.""","1:korrin_ga_arc_close:Understood",
XLII_korrin_c_ga_arc_close,DialogOptionSelected,"$option == korrin_ga_arc_close","DismissDialog",,,"DismissDialog - opened on the player fleet, EndConversation would leave the dialog hanging empty."
XLII_korrin_c_ga_ziggurat,XLII_KorrinComment,"XLII_Korrin topicIs korrin_ga_ziggurat","XLII_Korrin visual
FireAll XLII_KorrinCGaZigguratOptions","""Commander."" He's still turning over that Tri-Tachyon operator's own words - bought, aimed, fired - and clearly pleased to have someone new to say it to.

""He meant every word of it. No price he'd have taken to stand down. The Knight who found us the same run would have - a tithe, straight, and he'd have let us go.""

He sets his datapad aside.

""A professional who can't be bought, and a man of faith who can. Which of the two unsettles you more?""",,"Galatia Academy thread, beat 2 of 4 (lighter/curious register on purpose). Queued on gaPZ_missionCompleted (Project Ziggurat). Both encounters (Tri-Tach merc, rogue Luddic Knight) are mission-tied intercepts, not random bar events - verified in vanilla rules.csv. No outcome branching: Baird calls the hull 'irrelevant' whether or not the player kept it, so this holds regardless of the actual disposition."
XLII_korrin_c_ga_zig_opt_merc,XLII_KorrinCGaZigguratOptions,,,,"10:korrin_ga_zig_merc:The Mercenary",
XLII_korrin_c_ga_zig_opt_knight,XLII_KorrinCGaZigguratOptions,,,,"11:korrin_ga_zig_knight:The Knight",
XLII_korrin_c_ga_zig_opt_later,XLII_KorrinCGaZigguratOptions,,,,"100:korrin_defer:Not now",
XLII_korrin_a_ga_zig_merc,DialogOptionSelected,"$option == korrin_ga_zig_merc","XLII_Korrin topicDone
XLII_Korrin rep 0.04","""That's a fair read.""

""Though I'd say the Knight's price is the more honest one. He told you the number instead of pretending there wasn't one.""

He almost laughs.

""Small comfort, either way. Two men prepared to die over a decoy, and neither will ever know it.""","1:korrin_ga_zig_close:Understood",
XLII_korrin_a_ga_zig_knight,DialogOptionSelected,"$option == korrin_ga_zig_knight","XLII_Korrin topicDone
XLII_Korrin rep 0.05","""That's the harder answer. I think it's also the right one.""

""A man who prices himself openly has done the arithmetic. A man who calls the same transaction faith either hasn't, or has and is hoping you won't check.""

He doesn't quite smile.

""Small comfort, either way. Two men prepared to die over a decoy, and neither will ever know it.""","1:korrin_ga_zig_close:Understood",
XLII_korrin_c_ga_zig_close,DialogOptionSelected,"$option == korrin_ga_zig_close","DismissDialog",,,"DismissDialog - opened on the player fleet, EndConversation would leave the dialog hanging empty."
XLII_korrin_c_ga_loke_dead,XLII_KorrinComment,"XLII_Korrin topicIs korrin_ga_loke
$global.murderedCloneLoke","XLII_Korrin visual
FireAll XLII_KorrinCGaLokeDeadOptions","""Commander. That 'clone.'""

A pause - not building to anything, clearly just deciding how to phrase it.

""I'm not asking if it was right. But I am curious why kill him?""",,"Galatia Academy thread, beat 3 of 4 - murdered branch."
XLII_korrin_c_ga_loke_opt_kanta,XLII_KorrinCGaLokeDeadOptions,,,,"10:korrin_ga_loke_kanta:Kanta needed to see it was final",
XLII_korrin_c_ga_loke_opt_didnt,XLII_KorrinCGaLokeDeadOptions,,,,"11:korrin_ga_loke_didnt:Honestly, I didn't think much about it",
XLII_korrin_c_ga_loke_opt_later,XLII_KorrinCGaLokeDeadOptions,,,,"100:korrin_defer:Not now",
XLII_korrin_a_ga_loke_kanta,DialogOptionSelected,"$option == korrin_ga_loke_kanta","XLII_Korrin topicDone
XLII_Korrin rep 0.03","""Costed, deliberate. I understand it - not sure I like it.""

He takes a moment, tapping his fingers against a datapad.

""Pity, we can't just make Kanta 'disappear'. A real happy ending...""","1:korrin_ga_loke_close:Understood",
XLII_korrin_a_ga_loke_didnt,DialogOptionSelected,"$option == korrin_ga_loke_didnt","XLII_Korrin topicDone
XLII_Korrin rep 0.04","""That's the answer I believe, for what it's worth.""

A beat.

""I read casualty lists for entertainment, Commander. I don't think I've ever managed not to wonder about one of them. I don't know what to do with a version of that where nobody did.""","1:korrin_ga_loke_close:Understood",
XLII_korrin_c_ga_loke_close,DialogOptionSelected,"$option == korrin_ga_loke_close","DismissDialog",,,"DismissDialog - opened on the player fleet, EndConversation would leave the dialog hanging empty."
XLII_korrin_c_ga_loke_live,XLII_KorrinComment,"XLII_Korrin topicIs korrin_ga_loke
!$global.murderedCloneLoke","XLII_Korrin visual
FireAll XLII_KorrinCGaLokeLiveOptions","""Commander. That 'clone.'""

A pause - not building to anything, clearly just deciding how to phrase it.

""You didn't need to keep them alive. Probably a worse fate.""",,"Galatia Academy thread, beat 3 of 4 - saved branch (gaATG_returnLokeAirlock1a, the with-helmet ejection."
XLII_korrin_c_ga_loke_opt_live,XLII_KorrinCGaLokeLiveOptions,,,,"10:korrin_ga_loke_live_reason:Didn't want to piss off Kanta",
XLII_korrin_c_ga_loke_opt_live_later,XLII_KorrinCGaLokeLiveOptions,,,,"100:korrin_defer:Not now",
XLII_korrin_a_ga_loke_live,DialogOptionSelected,"$option == korrin_ga_loke_live_reason","XLII_Korrin topicDone
XLII_Korrin rep 0.03","""A specific reason, not just a performance of one. Good.""

A pause, the closest he gets to pleased.

""I guess we'll see how this all plays out.""","1:korrin_ga_loke_live_close:Understood",
XLII_korrin_c_ga_loke_live_close,DialogOptionSelected,"$option == korrin_ga_loke_live_close","DismissDialog",,,"DismissDialog - opened on the player fleet, EndConversation would leave the dialog hanging empty."
XLII_korrin_c_ga_baird,XLII_KorrinComment,"XLII_Korrin topicIs korrin_ga_baird_betrayal","XLII_Korrin visual
FireAll XLII_KorrinCGaBairdOptions","""Commander. Baird."" A beat - he's asking for an account, not offering one.

""You were in the room. I want the part that isn't in the report - what she actually thought was going to happen once Coureuse and Zal were free to leave.""",,"Galatia Academy thread, beat 4 of 4 - closer."
XLII_korrin_c_ga_baird_opt_eyes,XLII_KorrinCGaBairdOptions,,,,"10:korrin_ga_baird_eyes:Her eyes went red. I don't think she saw it coming",
XLII_korrin_c_ga_baird_opt_reap,XLII_KorrinCGaBairdOptions,,,,"11:korrin_ga_baird_reap:I told her she reaped what she sowed. She threw me out",
XLII_korrin_c_ga_baird_opt_later,XLII_KorrinCGaBairdOptions,,,,"100:korrin_defer:Not now",
XLII_korrin_a_ga_baird_eyes,DialogOptionSelected,"$option == korrin_ga_baird_eyes","XLII_Korrin topicDone
XLII_Korrin rep 0.04","""That tracks with everything else about her. Priced the job, Sebestyen's whole career, down to the credit. Bet she never once priced this - what happens to the asset once it stops needing her.""

A pause.

""Did she genuinely not see it, or did she just never bother to ask?""","1:korrin_ga_baird_close:Understood",
XLII_korrin_a_ga_baird_reap,DialogOptionSelected,"$option == korrin_ga_baird_reap","XLII_Korrin topicDone
XLII_Korrin rep 0.04","""...You said that at her?""

A beat, genuine surprise.

""Of everything you could have said, that's the one that moved her. I wonder if it worked because it was true, or because nobody talks to her like that.""

""Which was it?""","1:korrin_ga_baird_close:Understood",
XLII_korrin_c_ga_baird_close,DialogOptionSelected,"$option == korrin_ga_baird_close","DismissDialog",,,"DismissDialog - opened on the player fleet, EndConversation would leave the dialog hanging empty."
XLII_korrin_c_sdtu_macario,XLII_KorrinComment,"XLII_Korrin topicIs korrin_sdtu_macario","XLII_Korrin visual
FireAll XLII_KorrinCSdtuMacarioOptions","""Commander. Sindria.""

""You didn't end up backing a Diktat coup by accident. I'm not asking about the job itself - I want to know how he decided it should be you, out of everyone available to him. What did he actually say to justify it?""",,"The Usurpers thread, one topic - tradecraft angle only, per plan's oblique-parallel constraint (no line may connect Macario's reasoning to August or Korrin's own unfiled-record anxiety)."
XLII_korrin_c_sdtu_macario_opt_loyalty,XLII_KorrinCSdtuMacarioOptions,,,,"10:korrin_sdtu_macario_loyalty:He said I had no real loyalty to anyone worth mentioning",
XLII_korrin_c_sdtu_macario_opt_hated,XLII_KorrinCSdtuMacarioOptions,,,,"11:korrin_sdtu_macario_hated:He said I was already hated by everyone who mattered to him",
XLII_korrin_c_sdtu_macario_opt_later,XLII_KorrinCSdtuMacarioOptions,,,,"100:korrin_defer:Not now",
XLII_korrin_a_sdtu_macario_loyalty,DialogOptionSelected,"$option == korrin_sdtu_macario_loyalty","XLII_Korrin topicDone
XLII_Korrin rep 0.03","""That's a textbook profile, not flattery. An operator nobody can predict is an operator nobody can plant a countermeasure against. It's the same reason nobody trusts a defector completely - loyalty is legible, and legible things can be turned.""

""Did he vet that himself, or is he running it off somebody else's file?""","1:korrin_sdtu_macario_close:Understood",
XLII_korrin_a_sdtu_macario_hated,DialogOptionSelected,"$option == korrin_sdtu_macario_hated","XLII_Korrin topicDone
XLII_Korrin rep 0.03","""The same idea, upside down. If the people who matter to him already distrust you, then anyone in that circle who doesn't stands out - and he gets to watch who moves toward you.""

""Has he told you yet what he actually wants that circle to do, or is he still letting you work that out for him?""","1:korrin_sdtu_macario_close:Understood",
XLII_korrin_c_sdtu_macario_close,DialogOptionSelected,"$option == korrin_sdtu_macario_close","DismissDialog",,,"DismissDialog - opened on the player fleet, EndConversation would leave the dialog hanging empty."
XLII_korrin_c_aio_ancker,XLII_KorrinComment,"XLII_Korrin topicIs korrin_aio_ancker","XLII_Korrin visual
FireAll XLII_KorrinCAnckerOptions","He has the visitor log from the last docking pulled up, and he has stopped scrolling.

""Commander. Someone from the Office met with you, right? I don't have a transcript and I'm not asking for one, but I know the shape of a visit like that from the aftermath alone - the offer left open, the number attached to it.""

He sets the datapad down.

""I don't have a name for him. I have a designation I've heard exactly twice, in all the years I've had reason to listen for that kind of thing, both times in a room that went quiet afterward. If it's the one I'm thinking of, this was never really about the cores drawing the wrong attention. Draconis wants the AI cores. An excuse to take them costs the Office nothing and saves them the trouble of asking politely.""

He looks up properly.

""I want to say this aloud, because I don't think anyone has: pay what they're asking, or the 42nd eventually settles the argument for you. That isn't a figure of speech, Commander. That is what a punitive expedition is.""

""I have one question, and it isn't rhetorical. Are you going to pay it, or are you going to make them work for it?""",,"AIO Crisis thread, beat 1 of 2. Reacts to the Office's payment-deal offer itself (DraconisAIOPaymentBarEvent), fired regardless of what the player chooses, not to the deal being accepted - queued via KorrinTopicQueue.queue(""korrin_aio_ancker"") from showOfferDialog()/showReturnOfferDialog(), since no rules.csv rule exists at that beat (Quickstart's one Java-call exception). Corrected from an earlier draft that wrongly gave Korrin personal experience with this side of the Office - his own AIO history (""the missing file"") is personnel-level counterintelligence on an obscure clerk, decades removed from fleet-scale resource coercion; he has zero personal history with THIS apparatus and reacts from institutional knowledge and secondhand rumor (the IRON MOTH designation, never confirmed) instead. Beat 2 is korrin_aio_invasion."
XLII_korrin_c_ancker_opt_watch,XLII_KorrinCAnckerOptions,,,,"10:korrin_aio_pay:Pay it",
XLII_korrin_c_ancker_opt_ours,XLII_KorrinCAnckerOptions,,,,"11:korrin_aio_fight:Let them try",
XLII_korrin_c_ancker_opt_later,XLII_KorrinCAnckerOptions,,,,"100:korrin_defer:Not now",
XLII_korrin_a_ancker_watch,DialogOptionSelected,"$option == korrin_aio_pay","XLII_Korrin topicDone
XLII_Korrin rep 0.03","""That will hold. It isn't built to hold indefinitely - every arrangement like it gets revisited eventually, whenever someone in that office needs a number to move - but it buys you the one thing that's actually for sale here, which is time.""

He sets the datapad aside for good this time.

""I'd rather you spend that time deciding what you want your answer to be the next time they ask. There will be a next time. There always is.""","1:korrin_done:Leave it there",
XLII_korrin_a_ancker_ours,DialogOptionSelected,"$option == korrin_aio_fight","XLII_Korrin topicDone
XLII_Korrin rep 0.03","""Then I need you to hear the rest of it plainly, because I don't think you've said it to yourself yet: if that happens, the fleet coming for this colony is the 42nd. My old service. Whatever's left of anyone I trained with.""

He doesn't look away from you when he says the next part.

""I'll be standing next to you regardless of what they send. I'd just like it on record that I asked you to weigh it first, while it was still a choice and not a fact.""","1:korrin_done:Leave it there",
XLII_korrin_c_aio_invasion,XLII_KorrinComment,"XLII_Korrin topicIs korrin_aio_invasion","XLII_Korrin visual
FireAll XLII_KorrinCAioInvasionOptions","""Commander."" He doesn't wait for you to sit down. ""The 42nd has moved. Real ships, a real heading, and your colony sitting exactly where the heading points.""

He has a datapad in his hand that he isn't looking at.

""This is the part where I stop hedging. I told you there would be a next time. This is it, and this time nobody is offering you a number to make it stop.""

He sets the datapad down, deliberately.

""I don't have a clever way to say the rest of it. This is what fighting the Alliance actually looks like, not the idea of it. I intend to be on a bridge when it arrives, Commander, and I would like to know I'm not the only one who understands what we're actually doing.""",,"AIO Crisis thread, beat 2 of 2. Fires when a punitive expedition actually launches - popup tier (arc-level, the loudest thing he can do), queued via KorrinTopicQueue.queue(""korrin_aio_invasion"") from DraconisFleetHostileActivityFactor.startAttack(), the actual spawn point for DraconisPunitiveExpedition. War with the Alliance is no longer hypothetical by this beat - see beat 1, korrin_aio_ancker, for the setup."
XLII_korrin_c_inv_opt_hold,XLII_KorrinCAioInvasionOptions,,,,"10:korrin_invasion_hold:We hold the line",
XLII_korrin_c_inv_opt_chose,XLII_KorrinCAioInvasionOptions,,,,"11:korrin_invasion_chose:We chose this - not pretending otherwise",
XLII_korrin_c_inv_opt_later,XLII_KorrinCAioInvasionOptions,,,,"100:korrin_defer:Not now","Shared decline handler - moves the topic to the backlog rather than losing it."
XLII_korrin_a_inv_hold,DialogOptionSelected,"$option == korrin_invasion_hold","XLII_Korrin topicDone
XLII_Korrin rep 0.04","""Good. That's the only answer that matters right now.""

He straightens, and just like that the datapad is back in his hand, all business.

""I'll ready a brief for the crew. Whatever this costs us, Commander, it will not be because I let you walk into it unprepared.""","1:korrin_inv_close:Understood",
XLII_korrin_a_inv_chose,DialogOptionSelected,"$option == korrin_invasion_chose","XLII_Korrin topicDone
XLII_Korrin rep 0.04","""Then we're at least being honest with each other, which is more than the Office manages with anyone.""

A short, humorless laugh.

""For what it's worth - I'd have chosen it too, eventually. You simply chose it first.""","1:korrin_inv_close:Understood",
XLII_korrin_c_inv_close,DialogOptionSelected,"$option == korrin_inv_close","DismissDialog",,,"DismissDialog - the popup is opened on the player fleet, where EndConversation does nothing."
XLII_korrin_c_burn_epilogue,XLII_KorrinComment,"XLII_Korrin topicIs korrin_burn_epilogue","XLII_Korrin visual
FireAll XLII_KorrinBurnEpilogueOptions","""You asked me once what I'd do with it, if it ever actually came to me."" He isn't looking at a screen for once. ""I still don't have an answer I trust. I have the job now, or as much of it as anyone's handing out with August gone. I know that much.""

He closes the manifest he'd been scrolling through without finishing it.

""I keep waiting to feel like the answer matters less now that I actually have to give one. It doesn't. If anything it's worse."" A short laugh, without much in it. ""Ask me again in a year. I might have something better than 'I don't know' by then. I wouldn't bet on it.""",,"Burn the Machine epilogue for Elias, queued directly from XLII_KoriStrike.finalizeStrike() when he stayed for the strike (eliasStayed). Epilogue/intel-text weight only, per author direction - not a new gameplay beat."
XLII_korrin_o_burn_epi_ask,XLII_KorrinBurnEpilogueOptions,,,,"10:korrin_burn_epi_ask:What would you do with it",
XLII_korrin_o_burn_epi_defer,XLII_KorrinBurnEpilogueOptions,,,,"100:korrin_defer:Not now",
XLII_korrin_a_burn_epi_ask,DialogOptionSelected,"$option == korrin_burn_epi_ask","XLII_Korrin topicDone
XLII_Korrin rep 0.05","""I don't know yet. I've stopped being embarrassed about that answer - it's the only honest one I've got, and it's the same one I've had for four years now. Whatever this becomes, it isn't going to be because I finally worked out a theory of the thing in one conversation."" He almost changes the subject, and doesn't. ""I'd rather build it slowly and get it wrong in small pieces than get it right once by accident and not know how I did it.""","1:korrin_done:Leave it there",
"#END [KORRIN] Dialogue Topics",,,,,,
,,,,,,
# [KORRIN] Casual Topics,,,,,,
XLII_korrin_opt_career,XLII_KorrinTalkOptions,"!$global.XLII_korrin_asked_career","XLII_Korrin offer korrin_ask_career casual 100",,"10:korrin_ask_career:How did you end up doing this?",
XLII_korrin_open_career,DialogOptionSelected,"$option == korrin_ask_career","FireAll XLII_KorrinT_career","""Third-shift records clerk on Kori. Ration allocations.""

He says it like a punchline he has used before.

""Which landed me a job doing the same thing under a different organization.""

""You want the version with intrigue in it. There isn't one - I flagged a discrepancy nobody had asked me to look for, and somebody read the flag.""",,
XLII_korrin_o_career_who,XLII_KorrinT_career,,,,"10:korrin_career_who:Who read it?",
XLII_korrin_n_career_who,DialogOptionSelected,"$option == korrin_career_who","$global.XLII_korrin_asked_career = true
FireAll XLII_KorrinT_career_who","""I've never been told.""

He does not seem troubled by it.

""I've had eight years to think about it, and I've spent them well. But I have no real answer.""",,
XLII_korrin_o_career_who_theory,XLII_KorrinT_career_who,,,,"10:korrin_career_who_theory:You have a theory",
XLII_korrin_n_career_who_theory,DialogOptionSelected,"$option == korrin_career_who_theory","XLII_Korrin rep 0.04","""I have four. Two of them are flattering, so I discarded those.""

He counts the remainder off without looking up.

""Both of the survivors require somebody senior to have been reading a third-shift ration ledger on Kori for reasons of their own. I have never found a version of that which is innocent.""","1:korrin_career_who_theory_ask:Which one do you actually believe?
2:korrin_done:Leave it there",
XLII_korrin_n_career_who_theory_ask,DialogOptionSelected,"$option == korrin_career_who_theory_ask","XLII_Korrin rep 0.02","""The dull one, which is also the one I trust. I don't think it was ever about me.""

He turns the datapad over once, out of habit.

""Somebody wanted to know whether raising a flag on an ordinary clerk would get a reaction from anyone paying attention. It did. If I'm right, the interesting part of that morning happened several ranks above me and had nothing to do with what I'd actually found. I was the instrument, not the subject.""

""I'd like to say that bothers me less than it does. The other surviving theory is that somebody wanted a clean name on file, owing nothing to anyone yet. I keep it for when the first one stops being convenient.""","1:korrin_done:Leave it there","Deliberately close to the real backstage answer (see character_profile-korrin.md, ""The origin"") without confirming it - framed as one of his own four theories, no more privileged than the discarded one."
XLII_korrin_o_career_who_matter,XLII_KorrinT_career_who,,,,"11:korrin_career_who_matter:Does it matter who?",
XLII_korrin_n_career_who_matter,DialogOptionSelected,"$option == korrin_career_who_matter","XLII_Korrin rep 0.03","""It matters what it makes me. A man who was noticed, or a man who was selected.""

He shrugs.

""Those have different futures.""","1:korrin_done:Leave it there",
XLII_korrin_o_career_mine,XLII_KorrinT_career,,,,"11:korrin_career_mine:It's a duller story than mine",
XLII_korrin_n_career_mine,DialogOptionSelected,"$option == korrin_career_mine","$global.XLII_korrin_asked_career = true
FireAll XLII_KorrinT_career_mine","""Then tell me the dull version."" He means it.

""The Alliance keeps a file on you. It isn't very good, and it was written by somebody who has never left Fafnir. I would rather have it from you.""",,
XLII_korrin_o_career_mine_tell,XLII_KorrinT_career_mine,,,,"10:korrin_career_mine_tell:Tell him",
XLII_korrin_n_career_mine_tell,DialogOptionSelected,"$option == korrin_career_mine_tell","XLII_Korrin rep 0.04","So you tell him. Not the version that gets told in bars - the actual one, with the dull parts left in.

He does not interrupt once, which almost nobody else would manage.

""Thank you, I appreciate it.""

""I'll uh - not be writing any of that down.""","1:korrin_done:Leave it there",
XLII_korrin_o_career_mine_read,XLII_KorrinT_career_mine,,,,"11:korrin_career_mine_read:Read the file",
XLII_korrin_n_career_mine_read,DialogOptionSelected,"$option == korrin_career_mine_read","XLII_Korrin rep 0.02","""I have. It says you are dangerous, effective and a loose cannon.""

A beat.

""That is what we write when we have not worked somebody out yet.""","1:korrin_done:Leave it there",
XLII_korrin_o_career_proud,XLII_KorrinT_career,,,,"12:korrin_career_proud:You must be proud to serve the Alliance",
XLII_korrin_n_career_proud,DialogOptionSelected,"$option == korrin_career_proud","$global.XLII_korrin_asked_career = true
XLII_Korrin rep -0.03","He looks at you for a second longer than the question deserves.

""That's a recruitment poster, Commander.""","1:korrin_done:Leave it there","TRAP - performance. Terminal; he is disappointed rather than offended."
XLII_korrin_o_career_back,XLII_KorrinT_career,,,,"100:korrin_topic_back:Never mind",
XLII_korrin_opt_ringport,XLII_KorrinTalkOptions,"!$global.XLII_korrin_asked_ringport","XLII_Korrin offer korrin_ask_ringport casual 100",,"11:korrin_ask_ringport:Ring-Port. What was it like from the inside?",
XLII_korrin_open_ringport,DialogOptionSelected,"$option == korrin_ask_ringport","FireAll XLII_KorrinT_ringport","""Eleven months. Was in charge of cargo rotation, which is basically the job I already had on Kori - that is why the cover held. Best posting I have had. I mean that.""

""Which is most of the problem...""

""That said, I am finding myself enjoying my posting here more and more.""",,
XLII_korrin_o_ringport_problem,XLII_KorrinT_ringport,,,,"10:korrin_ringport_problem:Part of what problem?",
XLII_korrin_n_ringport_problem,DialogOptionSelected,"$option == korrin_ringport_problem","$global.XLII_korrin_asked_ringport = true
FireAll XLII_KorrinT_ringport_problem","""I liked it there. I liked them. I set the timing myself and I would set it again tomorrow.""

He lets that stand without softening it.

""I have not worked out what that makes me. A psychopath? Loyal? A traitor? Guess it doesn't matter, no one is left to accuse me of anything...""",,
XLII_korrin_o_ringport_problem_job,XLII_KorrinT_ringport_problem,,,,"10:korrin_ringport_problem_job:It makes you good at your job",
XLII_korrin_n_ringport_problem_job,DialogOptionSelected,"$option == korrin_ringport_problem_job","XLII_Korrin rep 0.05","""Yes.""

Flat, and entirely without relief.

""That is exactly what it makes me, and I notice you did not say it kindly. Thank you for that.""","1:korrin_done:Leave it there",
XLII_korrin_o_ringport_problem_nobody,XLII_KorrinT_ringport_problem,,,,"11:korrin_ringport_problem_nobody:Nobody works that out. It isn't a failing",
XLII_korrin_n_ringport_problem_nobody,DialogOptionSelected,"$option == korrin_ringport_problem_nobody","XLII_Korrin rep 0.03","""That is generous. It is also what people say when they would rather not look at the arithmetic.""

He turns the datapad over.

""I would rather look at it.""","1:korrin_done:Leave it there",
XLII_korrin_o_ringport_liked,XLII_KorrinT_ringport,,,,"11:korrin_ringport_liked:Did you like any of them?",
XLII_korrin_n_ringport_liked,DialogOptionSelected,"$option == korrin_ringport_liked","$global.XLII_korrin_asked_ringport = true
$global.XLII_korrin_heard_michal = true
FireAll XLII_KorrinT_ringport_liked","""Michal - records office, three doors down from mine. He ran the manifest audits - the real paperwork, not just the cargo count.""

He sets his own slate down for this one.

""There was a discrepancy in my transfer file, eight months in. Wrong hands, easy enough to catch if anyone was looking.""

""He was looking. He signed off on it anyway. Not sure why...""

He lets out a dramatic sigh.

""Reasonably, he could've of just been worried I'd lose my job. Not sure he'd think I was part of some greater plot to destroy his home. Most there believed we had given up on taking Ring-Port.""

""...He is not on the detainee manifest. He is not on the casualty list either. Those are the only two lists there are.""",,
XLII_korrin_o_ringport_liked_look,XLII_KorrinT_ringport_liked,,,,"10:korrin_ringport_liked_look:You could look for him",
XLII_korrin_n_ringport_liked_look,DialogOptionSelected,"$option == korrin_ringport_liked_look","XLII_Korrin rep 0.05","""I do now have the clearance to run a sector trace on a man who altered a federal file to keep me employed. I have had it for a month.""

He does not touch the terminal.

""I have not used it. I would like to think that is self restraint.""","1:korrin_done:Leave it there",
XLII_korrin_o_ringport_liked_out,XLII_KorrinT_ringport_liked,,,,"11:korrin_ringport_liked_out:Then he got out",
XLII_korrin_n_ringport_liked_out,DialogOptionSelected,"$option == korrin_ringport_liked_out","XLII_Korrin rep 0.04","""That is what I tell the part of me that keeps checking.""","1:korrin_done:Leave it there",
XLII_korrin_o_ringport_pirates,XLII_KorrinT_ringport,,,,"12:korrin_ringport_pirates:They were pirates",
XLII_korrin_n_ringport_pirates,DialogOptionSelected,"$option == korrin_ringport_pirates","$global.XLII_korrin_asked_ringport = true
XLII_Korrin rep -0.05","""They were First Fleet soldiers, or well, at least their kids.""

He does not raise his voice but he does not let it go either.

""Their grandparents refused an integration order from the man who had just burned their planet. Their grandchildren have run a functioning station on scavenge and deterrence for fifty cycles with no outside support of any kind. Call them pirates if the paperwork needs it.""

""Do not do it in front of me.""","1:korrin_done:Leave it there","TRAP - contempt. Terminal. He argues rather than withdrawing."
XLII_korrin_o_ringport_back,XLII_KorrinT_ringport,,,,"100:korrin_topic_back:Never mind",
XLII_korrin_opt_sector,XLII_KorrinTalkOptions,"!$global.XLII_korrin_asked_sector","XLII_Korrin offer korrin_ask_sector casual 100",,"12:korrin_ask_sector:You had questions about the Sector",
XLII_korrin_open_sector,DialogOptionSelected,"$option == korrin_ask_sector","FireAll XLII_KorrinT_sector","""Well, since I have you."" He pulls up a survey packet and does not bother hiding what he thinks of it.

""The Office writes these for people who have never been through the Rift, by people who have never been through the Rift. This one calls the Hegemony broadly analogous to the Alliance, while written with the upmost contempt.""

He sets the packet face-down on the console.

""So. Do they actually conduct military inspections? Board a ship, open the housings, read what is in them? Because if they do, I do not understand how we are still here. And if they do not, I do not understand why we behave as though they might.""",,
XLII_korrin_o_sector_real,XLII_KorrinT_sector,,,,"10:korrin_sector_real:They do, they are a pain about it too",
XLII_korrin_n_sector_real,DialogOptionSelected,"$option == korrin_sector_real","$global.XLII_korrin_asked_sector = true
FireAll XLII_KorrinT_sector_real","He takes it without argument, and does arithmetic he does not share.

""Then somebody is paying for us, and I would very much like to know who, and with what.""",,
XLII_korrin_o_sector_real_tt,XLII_KorrinT_sector_real,,,,"10:korrin_sector_real_tt:Easy, Tri-Tachyon",
XLII_korrin_n_sector_real_tt,DialogOptionSelected,"$option == korrin_sector_real_tt","XLII_Korrin rep 0.05","""That was my first guess as well. It is also the guess that gets people reassigned.""

He takes a deep breath, and then continues.

""It's always been an open secret that Tri-Tachyon and the Alliance have deep ties, but this isn't just a useful ally - they are sticking their neck out for us in a way that concerns me deeply. Because what could we even offer them in return?""

""Militarily we could maybe, and a thin maybe at that, win a defensive war against the corporation, but, surely we are not that valuable outside of our bubble? No. We must be offering something from within.""

He does not appear alarmed, which is its own kind of answer.

""I... I would appreciate it if you did not repeat any of that to anyone.""","1:korrin_done:Leave it there",
XLII_korrin_o_sector_real_dont,XLII_KorrinT_sector_real,,,,"11:korrin_sector_real_dont:You don't want to know",
XLII_korrin_n_sector_real_dont,DialogOptionSelected,"$option == korrin_sector_real_dont","XLII_Korrin rep 0.01","""I do, though. That is rather the difficulty...""","1:korrin_done:Leave it there",
XLII_korrin_o_sector_theatre,XLII_KorrinT_sector,,,,"11:korrin_sector_theatre:Mostly it's theatre",
XLII_korrin_n_sector_theatre,DialogOptionSelected,"$option == korrin_sector_theatre","$global.XLII_korrin_asked_sector = true
XLII_Korrin rep 0.03","""That is worse, in a way."" He turns it over. ""It means we have been careful for no reason, and we would never find out until the day we were not.""","1:korrin_done:Leave it there","Terminal - a short exchange between two longer ones."
XLII_korrin_o_sector_losers,XLII_KorrinT_sector,,,,"12:korrin_sector_losers:Ask me something harder",
XLII_korrin_n_sector_losers,DialogOptionSelected,"$option == korrin_sector_losers","$global.XLII_korrin_asked_sector = true
FireAll XLII_KorrinT_sector_losers","""When a polity out there loses - properly loses, not a border adjustment - what happens to the people? Is there a process? Does anyone even have a word for them?""

You tell him what you have seen. That people scatter, and whoever is nearest absorbs them, and in thirty cycles nobody can hear it in the accent any more.

He is quiet until you have finished.

""Thank you. I had assumed we owned that alone.""",,"The answer that matters - Fafnir was not uniquely cruel, just ordinary."
XLII_korrin_o_sector_losers_why,XLII_KorrinT_sector_losers,,,,"10:korrin_sector_losers_why:Why does that help?",
XLII_korrin_n_sector_losers_why,DialogOptionSelected,"$option == korrin_sector_losers_why","XLII_Korrin rep 0.05","""Because ordinary things can be studied. If Fafnir was unique, there is nothing to read. If everybody does it, somebody has written it down.""

""I would like to know how it usually ends.""","1:korrin_done:Leave it there",
XLII_korrin_o_sector_losers_true,XLII_KorrinT_sector_losers,,,,"11:korrin_sector_losers_true:It doesn't help. It's just true",
XLII_korrin_n_sector_losers_true,DialogOptionSelected,"$option == korrin_sector_losers_true","XLII_Korrin rep 0.02","""No. But I asked for true.""","1:korrin_done:Leave it there",
XLII_korrin_o_sector_back,XLII_KorrinT_sector,,,,"100:korrin_topic_back:Never mind",
XLII_korrin_opt_descent,XLII_KorrinTalkOptions,"!$global.XLII_korrin_asked_descent
XLII_Korrin repAtLeast FAVORABLE
$global.XLII_korrin_asked_ringport","XLII_Korrin offer korrin_ask_descent casual 100",,"20:korrin_ask_descent:Where were you actually from?","Tier 1. Needs the Ring-Port topic first."
XLII_korrin_open_descent,DialogOptionSelected,"$option == korrin_ask_descent","FireAll XLII_KorrinT_descent","""You have been polite about not asking.""

He does not look uncomfortable. If anything he looks relieved to be putting it down.

""Eastern seaboard, Itoron. Resettlement districts. My grandparents were Athebynian - not lifted, stranded. They were contract labor off Tiamat when the bombardment happened. When it was over, there was nothing to go back to, and no government left to say who they were.""

""Korrin is not the name we came in with. A clerk at an improvised desk wrote down what he thought he heard, and my family were in no position to argue about spelling.""",,
XLII_korrin_o_descent_name,XLII_KorrinT_descent,,,,"10:korrin_descent_name:Do you want to know the real one?",
XLII_korrin_n_descent_name,DialogOptionSelected,"$option == korrin_descent_name","$global.XLII_korrin_asked_descent = true
FireAll XLII_KorrinT_descent_name","""Very much so.""

""I have read that district's processing rolls end to end. Twice. Same hand, same guesswork all the way down - hundreds of families and one clerk's ear.""

A beat.

""It is the only file I have ever failed at.""",,
XLII_korrin_o_descent_name_mother,XLII_KorrinT_descent_name,,,,"10:korrin_descent_name_mother:Ask your mother",
XLII_korrin_n_descent_name_mother,DialogOptionSelected,"$option == korrin_descent_name_mother","XLII_Korrin rep 0.05","""I asked her twice. The first time she pretended not to hear me.""

He says the rest without any particular weight.

""The second time she said the name we have is the one that got us fed, and that was the end of it. She drilled the accent out of me before I was six on the same reasoning. She never explained it.""

He pauses.

""I never got the chance to ask a third.""","1:korrin_done:Leave it there",
XLII_korrin_o_descent_name_closed,XLII_KorrinT_descent_name,,,,"11:korrin_descent_name_closed:Some files should stay closed",
XLII_korrin_n_descent_name_closed,DialogOptionSelected,"$option == korrin_descent_name_closed","XLII_Korrin rep 0.03","""That is the Office's position. I have never liked how comfortable they are with it.""","1:korrin_done:Leave it there",
XLII_korrin_o_descent_august,XLII_KorrinT_descent,,,,"11:korrin_descent_august:Does anyone up the chain know?",
XLII_korrin_n_descent_august,DialogOptionSelected,"$option == korrin_descent_august","$global.XLII_korrin_asked_descent = true
FireAll XLII_KorrinT_descent_august","""He knows.""

Flat, and offered without a scrap of evidence behind it.

""That or he just overlooked it.""",,
XLII_korrin_o_descent_august_overlook,XLII_KorrinT_descent_august,,,,"10:korrin_descent_august_overlook:Why would he overlook it?",
XLII_korrin_n_descent_august_overlook,DialogOptionSelected,"$option == korrin_descent_august_overlook","XLII_Korrin rep 0.05","""Because a man who has burned a world has to decide what he thinks about the people who came off it. I do not know what he decided.""

""I know that he decided something, because he keeps me close and he has never once mentioned it.""","1:korrin_done:Leave it there",
XLII_korrin_o_descent_august_ask,XLII_KorrinT_descent_august,,,,"11:korrin_descent_august_ask:You should ask him",
XLII_korrin_n_descent_august_ask,DialogOptionSelected,"$option == korrin_descent_august_ask","XLII_Korrin rep 0.04","""No... I think some questions you only get to ask when you can afford the answer.""","1:korrin_done:Leave it there",
XLII_korrin_o_descent_sorry,XLII_KorrinT_descent,,,,"12:korrin_descent_sorry:I'm sorry",
XLII_korrin_n_descent_sorry,DialogOptionSelected,"$option == korrin_descent_sorry","$global.XLII_korrin_asked_descent = true","""For what...? My grandparents were on a contract rotation off Tiamat. They lost an address.""

He says it entirely level, and moves on before you can decide whether to apologize for the apology.

""The people owed one are on Athebyne, either under domes, or...""

He cuts himself off.

""Well the others are not taking calls. Besides, it's not your fault.""","1:korrin_done:Leave it there","Costs nothing. Sympathy misses him rather than wounding him. Terminal."
XLII_korrin_o_descent_back,XLII_KorrinT_descent,,,,"100:korrin_topic_back:Never mind",
XLII_korrin_opt_office,XLII_KorrinTalkOptions,"!$global.XLII_korrin_asked_office
XLII_Korrin repAtLeast FAVORABLE
$global.XLII_korrin_asked_career","XLII_Korrin offer korrin_ask_office casual 100",,"21:korrin_ask_office:Does the Office have a file on you?","Tier 1. Needs the career topic - who read the flag is the thread that leads here."
XLII_korrin_open_office,DialogOptionSelected,"$option == korrin_ask_office","FireAll XLII_KorrinT_office","""It does not.""

He seems to enjoy this more than he ought to.

""I know because I went and looked, which is precisely the sort of thing that generates one. It did not. I have been flagged for Office recruitment twice and both flags were withdrawn inside a week.""",,
XLII_korrin_o_office_protect,XLII_KorrinT_office,,,,"10:korrin_office_protect:Someone's protecting you",
XLII_korrin_n_office_protect,DialogOptionSelected,"$option == korrin_office_protect","$global.XLII_korrin_asked_office = true
FireAll XLII_KorrinT_office_protect","""That is the reading I prefer.""",,
XLII_korrin_o_office_protect_prefer,XLII_KorrinT_office_protect,,,,"10:korrin_office_protect_prefer:Prefer isn't the same as believe",
XLII_korrin_n_office_protect_prefer,DialogOptionSelected,"$option == korrin_office_protect_prefer","XLII_Korrin rep 0.05","""No. It is not.""

He does not dress it any further than that.","1:korrin_done:Leave it there",
XLII_korrin_o_office_protect_who,XLII_KorrinT_office_protect,,,,"11:korrin_office_protect_who:Who would bother?",
XLII_korrin_n_office_protect_who,DialogOptionSelected,"$option == korrin_office_protect_who","XLII_Korrin rep 0.03","""Two people in the Alliance could have done it without leaving a trace.""

""One of them runs the Alliance, the other run the Office's field ops...""

""It makes it an easy assumption. I doubt the Office is protecting me from the Office.""","1:korrin_done:Leave it there",
XLII_korrin_o_office_keeping,XLII_KorrinT_office,,,,"11:korrin_office_keeping:Someone's keeping you for something",
XLII_korrin_n_office_keeping,DialogOptionSelected,"$option == korrin_office_keeping","$global.XLII_korrin_asked_office = true
FireAll XLII_KorrinT_office_keeping","He considers it properly. He does not like it and he does not dismiss it.

""That is the other one. I have had both, and I keep choosing the first, which is either judgment or preference. I cannot always tell those apart.""

""But I would rather avoid telling with the AIO... So for that I hope you are wrong.""",,
XLII_korrin_o_office_keeping_what,XLII_KorrinT_office_keeping,,,,"10:korrin_office_keeping_what:Kept for what?",
XLII_korrin_n_office_keeping_what,DialogOptionSelected,"$option == korrin_office_keeping_what","XLII_Korrin rep 0.05","""The Office keeps things it cannot use yet.""

""That is not a comfort. It is a category.""","1:korrin_done:Leave it there",
XLII_korrin_o_office_keeping_find,XLII_KorrinT_office_keeping,,,,"11:korrin_office_keeping_find:You should find out",
XLII_korrin_n_office_keeping_find,DialogOptionSelected,"$option == korrin_office_keeping_find","XLII_Korrin rep 0.04","""Looking is how a man becomes interesting. I have been careful to stay dull.""","1:korrin_done:Leave it there",
XLII_korrin_o_office_cheap,XLII_KorrinT_office,,,,"12:korrin_office_cheap:You're not worried?",
XLII_korrin_n_office_cheap,DialogOptionSelected,"$option == korrin_office_cheap","$global.XLII_korrin_asked_office = true
XLII_Korrin rep 0.05","""I am useful. Useful people are safe.""

He says it lightly and moves on.

You point out that useful people are also cheap.

He stops.

""...That is a better sentence than mine.""","1:korrin_done:Leave it there","His blind spot, corrected in one exchange. Terminal."
XLII_korrin_o_office_back,XLII_KorrinT_office,,,,"100:korrin_topic_back:Never mind",
XLII_korrin_opt_august,XLII_KorrinTalkOptions,"!$global.XLII_korrin_asked_august
XLII_Korrin repAtLeast FAVORABLE
$global.XLII_korrin_asked_career","XLII_Korrin offer korrin_ask_august casual 100",,"22:korrin_ask_august:What is August like to work for?","Tier 1. Needs the career topic - you have to know how he got here before asking who he answers to."
XLII_korrin_open_august,DialogOptionSelected,"$option == korrin_ask_august","FireAll XLII_KorrinT_august","""He is exact. He reads everything you send him, and he answers it himself, inside a day.""

There is no institutional armor on it at all. He is simply reporting.

""I have sent him assessments at hours when no sensible man is awake and had them back before the shift changed.""

He pauses and takes a moment.

""Honestly, I don't know another side of him, I've just been told one, and that it's usually cold.""",,
XLII_korrin_o_august_normal,XLII_KorrinT_august,,,,"10:korrin_august_normal:That isn't normal",
XLII_korrin_n_august_normal,DialogOptionSelected,"$option == korrin_august_normal","$global.XLII_korrin_asked_august = true
FireAll XLII_KorrinT_august_normal","""No.""

He knows. He has known for a while.

""It is the part I do not have a good explanation for.""",,
XLII_korrin_o_august_normal_try,XLII_KorrinT_august_normal,,,,"10:korrin_august_normal_try:Try anyway",
XLII_korrin_n_august_normal_try,DialogOptionSelected,"$option == korrin_august_normal_try","XLII_Korrin rep 0.05","""Either he trusts me further than the office that is supposed to do it. Or he does not trust them at all, and I am what is left.""

He looks faintly amused by the distinction.

""Those are not the same compliment.""","1:korrin_done:Leave it there",
XLII_korrin_o_august_normal_thorough,XLII_KorrinT_august_normal,,,,"11:korrin_august_normal_thorough:Maybe he's just thorough",
XLII_korrin_n_august_normal_thorough,DialogOptionSelected,"$option == korrin_august_normal_thorough","XLII_Korrin rep 0.03","""He is old and he runs a war economy on two worlds that hate each other. Thorough has a budget.""","1:korrin_done:Leave it there",
XLII_korrin_o_august_criminal,XLII_KorrinT_august,,,,"11:korrin_august_criminal:He's a war criminal",
XLII_korrin_n_august_criminal,DialogOptionSelected,"$option == korrin_august_criminal","$global.XLII_korrin_asked_august = true
FireAll XLII_KorrinT_august_criminal","""He is.""

No flinch, and no defense offered.

""He is also the reason there is an Itoron for either of us to say that on. You can assume I have given it some thought.""",,
XLII_korrin_o_august_criminal_allowance,XLII_KorrinT_august_criminal,,,,"10:korrin_august_criminal_allowance:That's a large allowance to make",
XLII_korrin_n_august_criminal_allowance,DialogOptionSelected,"$option == korrin_august_criminal_allowance","XLII_Korrin rep 0.05","""It is the only one on offer. I can hold both of those or I can hold neither, and holding neither means leaving.""

Quieter.

""I have costed that as well.""","1:korrin_done:Leave it there",
XLII_korrin_o_august_criminal_forgive,XLII_KorrinT_august_criminal,,,,"11:korrin_august_criminal_forgive:Do you forgive him?",
XLII_korrin_n_august_criminal_forgive,DialogOptionSelected,"$option == korrin_august_criminal_forgive","XLII_Korrin rep 0.04","""Forgiveness is not a thing a subordinate hands out. It would be worth nothing if it were.""","1:korrin_done:Leave it there",
XLII_korrin_o_august_honoured,XLII_KorrinT_august,,,,"12:korrin_august_honoured:You must be honored",
XLII_korrin_n_august_honoured,DialogOptionSelected,"$option == korrin_august_honoured","$global.XLII_korrin_asked_august = true
XLII_Korrin rep -0.03","""I am on a distribution list.""

Dry, and he has changed the subject before you can pursue it.","1:korrin_done:Leave it there","TRAP - performance. Terminal."
XLII_korrin_o_august_back,XLII_KorrinT_august,,,,"100:korrin_topic_back:Never mind",
XLII_korrin_opt_emil,XLII_KorrinTalkOptions,"!$global.XLII_korrin_asked_emil
XLII_Korrin repAtLeast WELCOMING
$global.XLII_korrin_asked_august
$global.XLII_korrin_asked_descent","XLII_Korrin offer korrin_ask_emil casual 100",,"30:korrin_ask_emil:You've never explained why he answers you himself","Tier 2. First live wire."
XLII_korrin_open_emil,DialogOptionSelected,"$option == korrin_ask_emil","FireAll XLII_KorrinT_emil","""You have been circling it. So have I.""

He is running his thumb along the edge of a datapad he is not reading, over and over.

""Emil answers my messages personally because there is nobody left he trusts to read them.""

He hears it as he says it. There is a second where he decides whether to pretend he did not.

""Emil. That is what I call him when I am not being careful.""",,
XLII_korrin_o_emil_father,XLII_KorrinT_emil,,,,"10:korrin_emil_father:He's the closest thing you have to a father",
XLII_korrin_n_emil_father,DialogOptionSelected,"$option == korrin_emil_father","$global.XLII_korrin_asked_emil = true
FireAll XLII_KorrinT_emil_father","He neither confirms it nor denies it.

""That is a large sentence.""

A pause.

""I would rather not be the one who said it.""",,
XLII_korrin_o_emil_father_keep,XLII_KorrinT_emil_father,,,,"10:korrin_emil_father_keep:Then I'll keep saying it",
XLII_korrin_n_emil_father_keep,DialogOptionSelected,"$option == korrin_emil_father_keep","XLII_Korrin rep 0.04","""Do as you like.""

He does not tell you to stop, and he does not change the subject, which he has done all evening to smaller things than this.","1:korrin_done:Leave it there",
XLII_korrin_o_emil_father_want,XLII_KorrinT_emil_father,,,,"11:korrin_emil_father_want:You want it to be affection",
XLII_korrin_n_emil_father_want,DialogOptionSelected,"$option == korrin_emil_father_want","XLII_Korrin rep 0.06","""Yes.""

No hedging, no qualification, no retreat into the professional.

""I am aware of how that sounds coming from an intelligence agent.""","1:korrin_done:Leave it there",
XLII_korrin_o_emil_supervision,XLII_KorrinT_emil,,,,"11:korrin_emil_supervision:It's supervision, Korrin",
XLII_korrin_n_emil_supervision,DialogOptionSelected,"$option == korrin_emil_supervision","$global.XLII_korrin_asked_emil = true
FireAll XLII_KorrinT_emil_supervision","""Then it is remarkably inefficient supervision.""

He has the argument ready, which tells you how often he has run it.

""He could have had me watched for a fraction of what it costs him to read me.""",,"Hard, honest, costs nothing at the top level. Same content as the trap, offered as analysis."
XLII_korrin_o_emil_supervision_absent,XLII_KorrinT_emil_supervision,,,,"10:korrin_emil_supervision_absent:Inefficient isn't the same as absent",
XLII_korrin_n_emil_supervision_absent,DialogOptionSelected,"$option == korrin_emil_supervision_absent","XLII_Korrin rep 0.05","""No.""

He takes it without flinching.

""I have had that one too. It survives contact rather better than mine does.""","1:korrin_done:Leave it there",
XLII_korrin_o_emil_supervision_often,XLII_KorrinT_emil_supervision,,,,"11:korrin_emil_supervision_often:You've run this argument a lot",
XLII_korrin_n_emil_supervision_often,DialogOptionSelected,"$option == korrin_emil_supervision_often","XLII_Korrin rep 0.04","""Most nights, for about four years. It comes out the same way every time.""

""I keep running it, which is its own finding.""","1:korrin_done:Leave it there",
XLII_korrin_o_emil_using,XLII_KorrinT_emil,,,,"12:korrin_emil_using:He's using you",
XLII_korrin_n_emil_using,DialogOptionSelected,"$option == korrin_emil_using","$global.XLII_korrin_asked_emil = true
XLII_Korrin rep -0.04","""Probably.""

He says it the way you said it. Quickly, and without having done any of the work.

""Was there anything else, Commander?""","1:korrin_done:Leave it there","TRAP - a lazy jab in place of an argument. The returning Commander is him going correct. Terminal."
XLII_korrin_o_emil_back,XLII_KorrinT_emil,,,,"100:korrin_topic_back:Never mind",
XLII_korrin_opt_succession,XLII_KorrinTalkOptions,"!$global.XLII_korrin_asked_succession
XLII_Korrin repAtLeast WELCOMING
$global.XLII_korrin_asked_emil","XLII_Korrin offer korrin_ask_succession casual 100",,"31:korrin_ask_succession:What happens after August?","Tier 2 capstone. He has no answer, and the honesty about not having one is the payoff."
XLII_korrin_open_succession,DialogOptionSelected,"$option == korrin_ask_succession",,"""There is no real succession plan. Everybody knows that - it is the one genuinely public fact about the Alliance.""

A beat.

""I have been building one for four years and nobody has ever asked me to.""

""Ten days... Whoever holds Kori on day ten holds the Alliance, and everything after that is paperwork. I worked it out on my own time, repeatedly.""

""Which is a roundabout way of saying the Office will take over... However, I know August has other plans, which begin and end with me.""","1:korrin_succession_continue:Continue","Long opener, split over two nodes."
XLII_korrin_cont_succession,DialogOptionSelected,"$option == korrin_succession_continue","FireAll XLII_KorrinT_succession","""Here is the part I cannot put down. I took Ring-Port off Athebynians. I am Athebynian in a way that would not survive five minutes of scrutiny from anybody on that station. I did it well. And, as far as I can assume, August is going to hand me the whole instrument.""

""I have drafted two answers to what I would do with it. Give Athebyne something back. The domes need Itoron's food, the food needs Alliance shipping, the shipping needs the fleet. Every thread I pull is fixed to the thing I would be dismantling. Refuse it outright. That is the one I keep returning to, and it is the most cowardly of the two.""

""Four years, and I do not have an answer. That is not modesty and it is not humility. It is the state of the file. I keep the question open because closing it would mean deciding what the Alliance is for. Every version of that sentence I have drafted has been a lie.""",,
XLII_korrin_o_succession_august,XLII_KorrinT_succession,,,,"10:korrin_succession_august:Nobody has an answer",
XLII_korrin_n_succession_august,DialogOptionSelected,"$option == korrin_succession_august","$global.XLII_korrin_asked_succession = true
FireAll XLII_KorrinT_succession_august","""No. You're right. If August has had fifty cycles and still does not.""

A pause.

""I have been telling myself that is the difference between us. It is not, is it.""",,"He is stuck on August's exact blocker and can see it, which August cannot."
XLII_korrin_o_succession_august_isnt,XLII_KorrinT_succession_august,,,,"10:korrin_succession_august_isnt:It isn't",
XLII_korrin_n_succession_august_isnt,DialogOptionSelected,"$option == korrin_succession_august_isnt","XLII_Korrin rep 0.06","""Then I should stop taking comfort in it.""

He does not sound wounded. He sounds like a man striking a line through something.","1:korrin_done:Leave it there",
XLII_korrin_o_succession_august_asked,XLII_KorrinT_succession_august,,,,"11:korrin_succession_august_asked:You're not him. You asked the question",
XLII_korrin_n_succession_august_asked,DialogOptionSelected,"$option == korrin_succession_august_asked","XLII_Korrin rep 0.06","""He asked it too. Once, in a room not unlike this one.""

""That is the part that frightens me.""

""I would be changing nothing, or dooming a world, with no in-between.""","1:korrin_done:Leave it there",
XLII_korrin_o_succession_nothing,XLII_KorrinT_succession,,,,"11:korrin_succession_nothing:Nothing. You'd change nothing",
XLII_korrin_n_succession_nothing,DialogOptionSelected,"$option == korrin_succession_nothing","$global.XLII_korrin_asked_succession = true
FireAll XLII_KorrinT_succession_nothing","""Probably. That is the honest answer, and I got to it before you did.""

He does not take offence. He has the counter ready.

""But I would know what it cost, and Emil does not.""",,
XLII_korrin_o_succession_nothing_notnothing,XLII_KorrinT_succession_nothing,,,,"10:korrin_succession_nothing_notnothing:That isn't nothing",
XLII_korrin_n_succession_nothing_notnothing,DialogOptionSelected,"$option == korrin_succession_nothing_notnothing","XLII_Korrin rep 0.05","""No. It is also not a policy.""

""I would be the first Fleet Admiral...""

He interrupts himself.

""Well, I guess Director-General is more accurate, the title before the state of emergency.""

""Well, either way, I would be the first in Alliance history whose entire program was being aware of the cost.""","1:korrin_done:Leave it there",
XLII_korrin_o_succession_nothing_changes,XLII_KorrinT_succession_nothing,,,,"11:korrin_succession_nothing_changes:Knowing costs you and changes nothing",
XLII_korrin_n_succession_nothing_changes,DialogOptionSelected,"$option == korrin_succession_nothing_changes","XLII_Korrin rep 0.04","""Yes.""

He takes it squarely.

""That is the sentence I have been avoiding. Thank you for verbalizing it for me.""","1:korrin_done:Leave it there",
XLII_korrin_o_succession_comm,XLII_KorrinT_succession,,,,"12:korrin_succession_comm:If it comes to that, comm me",
XLII_korrin_n_succession_comm,DialogOptionSelected,"$option == korrin_succession_comm","$global.XLII_korrin_asked_succession = true
XLII_Korrin rep 0.06","He does not answer straight away, but he gives a shy smile.

""Understood.""

He does not say Commander, and stays mostly quiet after.","1:korrin_done:Leave it there","Dropping the address is intimacy from him. Terminal."
XLII_korrin_o_succession_good,XLII_KorrinT_succession,,,,"13:korrin_succession_good:You'd make a good Fleet Admiral",
XLII_korrin_n_succession_good,DialogOptionSelected,"$option == korrin_succession_good","$global.XLII_korrin_asked_succession = true
XLII_Korrin rep -0.05","""I would be an available one.""

""Those are not the same, Commander, and you know they are not.""","1:korrin_done:Leave it there","TRAP - flattery at the worst possible moment. Terminal."
XLII_korrin_o_succession_back,XLII_KorrinT_succession,,,,"100:korrin_topic_back:Never mind",
XLII_korrin_opt_stay,XLII_KorrinTalkOptions,"!$global.XLII_korrin_asked_stay
XLII_Korrin repAtLeast COOPERATIVE
$global.XLII_korrin_asked_succession","XLII_Korrin offer korrin_ask_stay casual 100",,"32:korrin_ask_stay:Why do you actually stay?","Tier 3, additive beyond the original nine (see work/outline/korrin-casual-topics.md) - gated at COOPERATIVE, the rep ceiling. Requires succession answered."
XLII_korrin_open_stay,DialogOptionSelected,"$option == korrin_ask_stay","FireAll XLII_KorrinT_stay","""Because nobody has told me I have to stop being curious, and out here nobody ever will.""

""There is a whole Sector on the other side of that Rift I have not seen a single document about, let alone the place itself. I have spent a career reading other people's discoveries. I would like, once, to make my own.""",,
XLII_korrin_o_stay_rift,XLII_KorrinT_stay,,,,"10:korrin_stay_rift:There is a lot to see past outside of Fafnir",
XLII_korrin_n_stay_rift,DialogOptionSelected,"$option == korrin_stay_rift","$global.XLII_korrin_asked_stay = true
XLII_Korrin rep 0.05","""Yes. And every cycle I spend flagging Hegemony traffic patterns is a cycle I am not on the other side of it.""

He says it without complaint - a fact about the ledger, not a grievance.

""This fleet is the closest I have come. I intend to still be on it when we find out.""","1:korrin_done:Leave it there",
XLII_korrin_o_stay_me,XLII_KorrinT_stay,,,,"11:korrin_stay_me:It's because of me, isn't it",
XLII_korrin_n_stay_me,DialogOptionSelected,"$option == korrin_stay_me","$global.XLII_korrin_asked_stay = true
XLII_Korrin rep 0.04","""That is not a question I take from anyone, Commander.""

Something crosses his face for perhaps half a second. It is gone before you can be sure you saw it, and he is already reaching for the datapad.

""Ask me something with an answer.""","1:korrin_done:Leave it there",
XLII_korrin_o_stay_back,XLII_KorrinT_stay,,,,"100:korrin_topic_back:Never mind",
XLII_korrin_opt_michal,XLII_KorrinTalkOptions,"!$global.XLII_korrin_asked_michal
$global.XLII_korrin_heard_michal
XLII_Korrin repAtLeast WELCOMING","XLII_Korrin offer korrin_ask_michal casual 100",,"13:korrin_ask_michal:Use the clearance. Find out what happened to Michal","Tier 3, additive beyond the original nine. Gated on the ringport 'liked' branch having been heard and on WELCOMING rep - FAVORABLE is met almost immediately on recruitment (+0.1 vs. the 0.09 floor) and would not have gated anything. Resolution is queued content - see korrin_michal_trace in Comments."
XLII_korrin_open_michal,DialogOptionSelected,"$option == korrin_ask_michal","FireAll XLII_KorrinT_michal","""I remember telling you that. I also remember calling it restraint, which was generous of me.""",,
XLII_korrin_o_michal_do,XLII_KorrinT_michal,,,,"10:korrin_michal_do:Run the trace",
XLII_korrin_o_michal_leave,XLII_KorrinT_michal,,,,"11:korrin_michal_leave:Leave it. You already made your peace with this",
XLII_korrin_n_michal_do,DialogOptionSelected,"$option == korrin_michal_do","$global.XLII_korrin_asked_michal = true
XLII_Korrin rep 0.05
XLII_Korrin queue korrin_michal_trace","""Understood.""

He is already keying in the request, faster than the moment should reasonably allow.

""I will let you know what it turns up. However it turns up.""","1:korrin_done:Leave it there",
XLII_korrin_n_michal_leave,DialogOptionSelected,"$option == korrin_michal_leave","$global.XLII_korrin_asked_michal = true
XLII_Korrin rep 0.03","""Good.""

Flat, and clearly relieved to hear someone else say it.

""I have made peace with a great many things by declining to look at them closely. I would like to keep this one filed under the same heading.""","1:korrin_done:Leave it there",
XLII_korrin_opt_michal_epilogue,XLII_KorrinTalkOptions,"!$global.XLII_korrin_asked_michal_epilogue
$global.XLII_korrin_michal_resolved","XLII_Korrin offer korrin_michal_epilogue casual 60",,"14:korrin_ask_michal_epilogue:Do you still think about Michal?",
XLII_korrin_open_michal_epilogue,DialogOptionSelected,"$option == korrin_ask_michal_epilogue","$global.XLII_korrin_asked_michal_epilogue = true
XLII_Korrin rep 0.03","""Some days. Not as an ache - as an unfinished entry.""

He is turning a stylus end over end between two fingers, the same motion he makes over paperwork that will not resolve.

""I do not like unfinished entries. I am aware that most of what I am describing is a filing preference and not a feeling. I have decided I am allowed both.""","1:korrin_done:Leave it there",
XLII_korrin_opt_offduty,XLII_KorrinTalkOptions,,,,"91:korrin_ask_offduty:How are you keeping?","Repeatable, no reputation, never spent - keeps the menu from being bare. Three variants. Sort order 91 - always between """"Ask him about something else."""" (90) and """"Nothing right now."""" (100)."
XLII_korrin_open_offduty,DialogOptionSelected,"$option == korrin_ask_offduty","XLII_Korrin menu","""Reading freight manifests. Domain-era, mostly - Kori's archive holds thousand of them and no index.""

He seems entirely content about this.

""Nobody has needed one in two hundred cycles. I find that restful.""
OR
""There is a pre-war agricultural survey of Athebyne in my quarters. I took it out of a locker at Ring-Port and I have not mentioned it to anybody until now.""

He does not quite meet your eyes for this part.

""It has photographs.""
OR
""I have been learning Sector hull silhouettes off your logs. Forty-one correct out of ninety.""

""In my defense, several of them appear to be the same ship with different guns bolted on.""",,"No chain - he is thinking out loud, so the menu returns directly."
XLII_korrin_topic_back,DialogOptionSelected,"$option == korrin_topic_back","XLII_Korrin menu",,,"Backing out before picking. Leaves the topic unspent, so it stays on the menu."
XLII_korrin_topic_done,DialogOptionSelected,"$option == korrin_done","XLII_Korrin menu",,,"Every chain in this section terminates here and returns to the Talk menu. No topic closes the dialogue - 'Nothing right now.' is the single exit."
XLII_korrin_opt_gift,XLII_KorrinTalkOptions,"XLII_Korrin hasGiftable",,,"89:korrin_gift_menu:Give him something","Fixed row, not part of the topic draw - gated purely on cargo state via KorrinGiftRegistry.hasAnyEligible(). Sits directly above 'Ask him about something else' (90); disappears once every registered gift has been given."
XLII_korrin_open_gift_menu,DialogOptionSelected,"$option == korrin_gift_menu","FireAll XLII_KorrinGiftOptions","He glances at what you are holding before you say anything.

""Sorry, something for me...?""",,
XLII_korrin_add_gift_opts,XLII_KorrinGiftOptions,,"XLII_KorrinOptions gifts",,,"Adds one option per eligible, ungiven gift. Without this row nothing catches the FireAll from XLII_korrin_open_gift_menu, and the picker shows only 'Never mind.' - mirrors XLII_korrin_talk_opt_backlog's role for XLII_KorrinOptions backlog."
XLII_korrin_o_gift_back,XLII_KorrinGiftOptions,,,,"100:korrin_topic_back:Never mind",
XLII_korrin_n_gift_lobster,DialogOptionSelected,"$option == korrin_gift_lobster","XLII_Korrin giveGift korrin_gift_lobster","""Is this a bribe, Commander?""

He is already turning the container over, reading the packing seal like it might be lying to him.

""Live-packed, cold-shipped, and if this seal is genuine, someone kept this thing breathing all the way from Volturn. I have read requisition forms for cargo with this good a travel budget. I have never once been handed one.""","10:korrin_gift_lobster_backpay:Consider it back pay
11:korrin_gift_lobster_rations:I heard you complain about the ration bars long enough
12:korrin_gift_lobster_norepeat:Don't get used to it","Gift scenes run two exchanges, not one - opener/pick/react/pick/react - since a one-off special item warrants more than the ordinary casual-topic depth. All three level-1 branches converge on the shared XLII_KorrinGLobsterFollowup rather than each growing its own second level, per the same 'never gate a follow-up on one branch' discipline as Casual Topics."
XLII_korrin_a_gift_lobster_backpay,DialogOptionSelected,"$option == korrin_gift_lobster_backpay","FireAll XLII_KorrinGLobsterFollowup","""Then the Alliance owes me considerably more of these.""

He is already working out where in his quarters this survives the next patrol.

""Which raises a logistics question I did not expect to be having today.""",,
XLII_korrin_a_gift_lobster_rations,DialogOptionSelected,"$option == korrin_gift_lobster_rations","FireAll XLII_KorrinGLobsterFollowup","""I did complain about that. Loudly, and to the wrong people, on at least one occasion.""

He sets the container down like it is worth more than the ship it is standing on.

""Which leaves me with an actual problem, since I have never cooked one of these and do not intend to start now.""",,
XLII_korrin_a_gift_lobster_norepeat,DialogOptionSelected,"$option == korrin_gift_lobster_norepeat","FireAll XLII_KorrinGLobsterFollowup","""Noted. I will treat it as a singular event, the way I treat everything good that has happened to me since I met you.""

He says it lightly. Something is being filed away regardless.

""Which still leaves the practical question of what happens to it.""",,
XLII_korrin_o_gift_lobster_share,XLII_KorrinGLobsterFollowup,,,,"10:korrin_gift_lobster_share:Share it with the crew",
XLII_korrin_o_gift_lobster_keep,XLII_KorrinGLobsterFollowup,,,,"11:korrin_gift_lobster_keep:Eat the whole thing yourself",
XLII_korrin_o_gift_lobster_trade,XLII_KorrinGLobsterFollowup,,,,"12:korrin_gift_lobster_trade:Trade it to someone who actually knows how to cook it",
XLII_korrin_a_gift_lobster_share,DialogOptionSelected,"$option == korrin_gift_lobster_share","XLII_Korrin rep 0.05","""Then I will need to find out how many people this much lobster actually feeds, and whether any of them have opinions about shellfish I do not know about.""

He is already composing the manifest in his head.

""Thank you. I am already regretting saying yes before working out the logistics.""","1:korrin_done:Leave it there",
XLII_korrin_a_gift_lobster_keep,DialogOptionSelected,"$option == korrin_gift_lobster_keep","XLII_Korrin rep 0.06","""That is either generous or a test. I have decided not to ask which.""

He almost smiles.

""I am keeping it, Commander, and I am not sharing, and I have never said either of those two sentences about anything else in this fleet.""","1:korrin_done:Leave it there",
XLII_korrin_a_gift_lobster_trade,DialogOptionSelected,"$option == korrin_gift_lobster_trade","XLII_Korrin rep 0.04","""No.""

Flat, immediate, and entirely without his usual hedging.

""I have thought about this for exactly as long as it took you to finish that sentence. The answer is no.""","1:korrin_done:Leave it there",
XLII_korrin_n_gift_survey1,DialogOptionSelected,"$option == korrin_gift_survey_1","XLII_Korrin giveGift korrin_gift_survey_1","He turns it over once, as if a second look might upgrade it.

""This is the sort of file a scanner generates automatically the moment it passes within range of a rock, Commander. I appreciate the thought. I want to be precise about the thought I am appreciating.""","10:korrin_gift_s1_thought:It's the thought that counts
11:korrin_gift_s1_wrongcrate:I grabbed the wrong crate. Don't tell anyone
12:korrin_gift_s1_starter:Consider it a starter gift",
XLII_korrin_a_gift_s1_thought,DialogOptionSelected,"$option == korrin_gift_s1_thought","FireAll XLII_KorrinGSurvey1Followup","""It is. I am simply establishing, for the record, exactly how much thought.""

He sets it down next to nothing else, since there is nothing else to set it down next to.

""Which leaves the question of what I am meant to do with it.""",,
XLII_korrin_a_gift_s1_wrongcrate,DialogOptionSelected,"$option == korrin_gift_s1_wrongcrate","FireAll XLII_KorrinGSurvey1Followup","""Then I will not tell anyone, and I will also not forget, which are different promises.""

A beat.

""Which leaves the question of what I am meant to do with it.""",,
XLII_korrin_a_gift_s1_starter,DialogOptionSelected,"$option == korrin_gift_s1_starter","FireAll XLII_KorrinGSurvey1Followup","""A starter gift implies a sequel, Commander. I will hold you to that implication.""

He says it lightly, already filing the implication away regardless.

""Which leaves the question of what I am meant to do with this one.""",,
XLII_korrin_o_gift_s1_paperweight,XLII_KorrinGSurvey1Followup,,,,"20:korrin_gift_s1_paperweight:Use it as a paperweight",
XLII_korrin_o_gift_s1_read,XLII_KorrinGSurvey1Followup,,,,"21:korrin_gift_s1_read:Read it, if there's anything worth reading",
XLII_korrin_o_gift_s1_file,XLII_KorrinGSurvey1Followup,,,,"22:korrin_gift_s1_file:File it and forget it",
XLII_korrin_a_gift_s1_paperweight,DialogOptionSelected,"$option == korrin_gift_s1_paperweight","XLII_Korrin rep 0.02","""It is a data chip, Commander, not a brick. It weighs in the range of grams. It would be a considerably worse paperweight than several things I already own for free.""

He is smiling before he finishes the sentence, which rather gives away that he intends to use it as one anyway.","1:korrin_done:Leave it there",
XLII_korrin_a_gift_s1_read,DialogOptionSelected,"$option == korrin_gift_s1_read","XLII_Korrin rep 0.03","""There will not be. Class I is boilerplate - atmospheric composition, gravity well, whether anyone bothered naming the rock. I will read it anyway, because that is apparently who I am now.""","1:korrin_done:Leave it there",
XLII_korrin_a_gift_s1_file,DialogOptionSelected,"$option == korrin_gift_s1_file","XLII_Korrin rep 0.03","""Filed, forgotten, and - against my better professional judgement - kept.""

He puts it somewhere it will not get mixed in with anything that actually needs doing.","1:korrin_done:Leave it there",
XLII_korrin_n_gift_survey2,DialogOptionSelected,"$option == korrin_gift_survey_2","XLII_Korrin giveGift korrin_gift_survey_2","He is reading the header data before he has fully decided to accept it.

""Somebody actually pointed instruments at something for this one, instead of letting a scanner do it in passing. Where did this come from?""","10:korrin_gift_s2_derelict:A derelict, believe it or not
11:korrin_gift_s2_matter:Does it matter?
12:korrin_gift_s2_traded:I traded for it. Don't ask what",
XLII_korrin_a_gift_s2_derelict,DialogOptionSelected,"$option == korrin_gift_s2_derelict","FireAll XLII_KorrinGSurvey2Followup","""Then I believe it. Derelicts produce exactly this grade of nothing with remarkable consistency.""

He is already skimming past the header.

""Which leaves the actual question - whether it's worth logging formally, or whether it just becomes mine.""",,
XLII_korrin_a_gift_s2_matter,DialogOptionSelected,"$option == korrin_gift_s2_matter","FireAll XLII_KorrinGSurvey2Followup","""It does to me. I have opinions about provenance that nobody asked for, and I intend to share them regardless.""

""Which leaves the actual question - whether it's worth logging formally, or whether it just becomes mine.""",,
XLII_korrin_a_gift_s2_traded,DialogOptionSelected,"$option == korrin_gift_s2_traded","FireAll XLII_KorrinGSurvey2Followup","""Then I will not ask, and I will assume the worst, and I will enjoy assuming it.""

He is already skimming past the header.

""Which leaves the actual question - whether it's worth logging formally, or whether it just becomes mine.""",,
XLII_korrin_o_gift_s2_log,XLII_KorrinGSurvey2Followup,,,,"20:korrin_gift_s2_log:Log it. You're a professional",
XLII_korrin_o_gift_s2_keep,XLII_KorrinGSurvey2Followup,,,,"21:korrin_gift_s2_keep:Keep it. You've earned one thing that's just yours",
XLII_korrin_o_gift_s2_trade,XLII_KorrinGSurvey2Followup,,,,"22:korrin_gift_s2_trade:Trade it again. You clearly like doing that",
XLII_korrin_a_gift_s2_log,DialogOptionSelected,"$option == korrin_gift_s2_log","XLII_Korrin rep 0.04","""A professional would. I am also fairly sure 'professional' and 'logs personal gifts as classified findings' describe two different people, and I do not have the paperwork to be both.""","1:korrin_done:Leave it there",
XLII_korrin_a_gift_s2_keep,DialogOptionSelected,"$option == korrin_gift_s2_keep","XLII_Korrin rep 0.05","""I have not had many of those. I am going to enjoy this one more than the data actually warrants.""","1:korrin_done:Leave it there",
XLII_korrin_a_gift_s2_trade,DialogOptionSelected,"$option == korrin_gift_s2_trade","XLII_Korrin rep 0.04","""I do. It is possibly my second-favourite thing to do with paperwork, after reading it.""

He does not specify the first favourite. You suspect you already know it.","1:korrin_done:Leave it there",
XLII_korrin_n_gift_survey3,DialogOptionSelected,"$option == korrin_gift_survey_3","XLII_Korrin giveGift korrin_gift_survey_3","He actually sits with this one a moment before he says anything else.

""This is not the sort of file people hand out, Commander. This is the sort people sell.""","10:korrin_gift_s3_sold:Consider it sold, then. To you. For nothing
11:korrin_gift_s3_notmarket:I know. That's why I brought it to you and not the market
12:korrin_gift_s3_weird:Don't make this weird",
XLII_korrin_a_gift_s3_sold,DialogOptionSelected,"$option == korrin_gift_s3_sold","FireAll XLII_KorrinGSurvey3Followup","""That is a terrible business model and I am not going to talk you out of it.""

He says it lightly, and puts the data chip somewhere it will not get lost among the ordinary manifests.

""Which leaves me with an actual decision to make about it.""",,
XLII_korrin_a_gift_s3_notmarket,DialogOptionSelected,"$option == korrin_gift_s3_notmarket","FireAll XLII_KorrinGSurvey3Followup","""Then you understand exactly what you are handing me, which is worse and better than if you did not.""

""Which leaves me with an actual decision to make about it.""",,
XLII_korrin_a_gift_s3_weird,DialogOptionSelected,"$option == korrin_gift_s3_weird","FireAll XLII_KorrinGSurvey3Followup","""I am a records clerk first and foremost, Commander. Making straightforward things weird is close to the whole job description.""

He is smiling, but he has also gone quiet in the specific way that means he is taking it seriously.

""Which leaves me with an actual decision to make about it.""",,
XLII_korrin_o_gift_s3_crossref,XLII_KorrinGSurvey3Followup,,,,"20:korrin_gift_s3_crossref:Cross-reference it against the Kori archive",
XLII_korrin_o_gift_s3_noarchive,XLII_KorrinGSurvey3Followup,,,,"21:korrin_gift_s3_noarchive:Keep it off every archive there is",
XLII_korrin_o_gift_s3_sell,XLII_KorrinGSurvey3Followup,,,,"22:korrin_gift_s3_sell:Sell it. It's worth something",
XLII_korrin_a_gift_s3_crossref,DialogOptionSelected,"$option == korrin_gift_s3_crossref","XLII_Korrin rep 0.05","""That is what I would do with it on a working day. I am off duty, and I intend to stay that way for as long as this data chip lets me pretend that.""","1:korrin_done:Leave it there",
XLII_korrin_a_gift_s3_noarchive,DialogOptionSelected,"$option == korrin_gift_s3_noarchive","XLII_Korrin rep 0.06","""Good instinct. The moment this is in a system, it stops being mine and starts being a line item someone else gets to ask about.""","1:korrin_done:Leave it there",
XLII_korrin_a_gift_s3_sell,DialogOptionSelected,"$option == korrin_gift_s3_sell","XLII_Korrin rep 0.05","""No.""

Flat, and immediate.

""I have had exactly one thing today that nobody assigned me and nobody is owed a report on. I am not selling that back into circulation for the credits.""","1:korrin_done:Leave it there",
XLII_korrin_n_gift_survey4,DialogOptionSelected,"$option == korrin_gift_survey_4","XLII_Korrin giveGift korrin_gift_survey_4","He does not reach for it immediately.

""People often do not survive acquiring a file like this reliably enough for it to have a fixed price, Commander. What did that cost you?""","10:korrin_gift_s4_nothing:Nothing worth mentioning
11:korrin_gift_s4_admit:More than I'd like to admit
12:korrin_gift_s4_matter:Does it matter? You have it now",
XLII_korrin_a_gift_s4_nothing,DialogOptionSelected,"$option == korrin_gift_s4_nothing","FireAll XLII_KorrinGSurvey4Followup","""I did not ask because I doubted you. I asked because I would like to know whether I need to worry about it happening again.""

""Which leaves the only question I actually have standing.""",,
XLII_korrin_a_gift_s4_admit,DialogOptionSelected,"$option == korrin_gift_s4_admit","FireAll XLII_KorrinGSurvey4Followup","""Then I am not going to make you say the number. I am going to remember that you did not have to bring me this, and did.""

""Which leaves the only question I actually have standing.""",,
XLII_korrin_a_gift_s4_matter,DialogOptionSelected,"$option == korrin_gift_s4_matter","FireAll XLII_KorrinGSurvey4Followup","""It does to me, and I notice you did not actually answer.""

A beat - he lets it go, but the noticing stays.

""Which leaves the only question I actually have standing.""",,
XLII_korrin_o_gift_s4_owe,XLII_KorrinGSurvey4Followup,,,,"20:korrin_gift_s4_owe:What do you owe me for it?",
XLII_korrin_o_gift_s4_careful,XLII_KorrinGSurvey4Followup,,,,"21:korrin_gift_s4_careful:Nothing. Just don't get yourself killed getting the next one",
XLII_korrin_o_gift_s4_use,XLII_KorrinGSurvey4Followup,,,,"22:korrin_gift_s4_use:Put it to use. That's payment enough",
XLII_korrin_a_gift_s4_owe,DialogOptionSelected,"$option == korrin_gift_s4_owe","XLII_Korrin rep 0.05","""Attention, apparently, since you are the one person on this ship I have just spent a full minute worrying about instead of a data chip.""","1:korrin_done:Leave it there",
XLII_korrin_a_gift_s4_careful,DialogOptionSelected,"$option == korrin_gift_s4_careful","XLII_Korrin rep 0.07","""Noted, and I will point out that you are the one who went and got it, not me.""

He says it lightly. It does not fully cover what is underneath it.","1:korrin_done:Leave it there",
XLII_korrin_a_gift_s4_use,DialogOptionSelected,"$option == korrin_gift_s4_use","XLII_Korrin rep 0.05","""Then I will, properly - and not the way I have been putting the last few things you have given me to use, which is mostly 'kept.'""","1:korrin_done:Leave it there",
XLII_korrin_n_gift_survey5,DialogOptionSelected,"$option == korrin_gift_survey_5","XLII_Korrin giveGift korrin_gift_survey_5","He sets everything else down. All of it.

""I have read about files at this grade. I have never actually been handed one. I am not sure what the correct reaction is, so you are getting an honest one instead.""","10:korrin_gift_s5_honest:What's the honest one?
11:korrin_gift_s5_dontneed:You don't have to have a reaction. Just take it
12:korrin_gift_s5_earned:I thought you'd earned seeing one, at least",
XLII_korrin_a_gift_s5_honest,DialogOptionSelected,"$option == korrin_gift_s5_honest","FireAll XLII_KorrinGSurvey5Followup","""I want to read it right now, in front of you, and I want to finish every other conversation we are having first, because I think this deserves the second half of my attention and not the first.""

""Which leaves the part where I decide what an honest clerk does with the rarest thing anyone has ever handed him.""",,
XLII_korrin_a_gift_s5_dontneed,DialogOptionSelected,"$option == korrin_gift_s5_dontneed","FireAll XLII_KorrinGSurvey5Followup","""I am aware I do not have to. I am doing it anyway, slowly, because I would like to remember this specific thirty seconds accurately.""

""Which leaves the part where I decide what an honest clerk does with the rarest thing anyone has ever handed him.""",,
XLII_korrin_a_gift_s5_earned,DialogOptionSelected,"$option == korrin_gift_s5_earned","FireAll XLII_KorrinGSurvey5Followup","""Then thank you for the seeing, which is a strange thing to be grateful for. I am going to be grateful for it regardless.""

""Which leaves the part where I decide what an honest clerk does with the rarest thing anyone has ever handed him.""",,
XLII_korrin_o_gift_s5_bythebook,XLII_KorrinGSurvey5Followup,,,,"20:korrin_gift_s5_bythebook:Log it. For once, do it by the book",
XLII_korrin_o_gift_s5_keepone,XLII_KorrinGSurvey5Followup,,,,"21:korrin_gift_s5_keepone:Keep it. You're allowed exactly one thing that isn't filed",
XLII_korrin_o_gift_s5_august,XLII_KorrinGSurvey5Followup,,,,"22:korrin_gift_s5_august:Give it to August. It's above your clearance either way",
XLII_korrin_a_gift_s5_bythebook,DialogOptionSelected,"$option == korrin_gift_s5_bythebook","XLII_Korrin rep 0.06","""By the book. Correctly labelled, correctly stored, correctly forgotten the moment it stops being useful to anyone but a filing system.""

He does not do any of the things he just described.","1:korrin_done:Leave it there",
XLII_korrin_a_gift_s5_keepone,DialogOptionSelected,"$option == korrin_gift_s5_keepone","XLII_Korrin rep 0.07","""One thing. I am going to hold you to the number, because I have a feeling I could talk myself into a second one without much resistance.""","1:korrin_done:Leave it there",
XLII_korrin_a_gift_s5_august,DialogOptionSelected,"$option == korrin_gift_s5_august","XLII_Korrin rep 0.07","""No.""

The word arrives faster and flatter than anything else he has said today.

""He gets the ones that matter to the Alliance. This one is going to matter to me first, and I have decided that is allowed.""","1:korrin_done:Leave it there",
XLII_korrin_n_gift_topographic,DialogOptionSelected,"$option == korrin_gift_topographic","XLII_Korrin giveGift korrin_gift_topographic","He turns the TriPad over before he opens it, like the casing might tell him something the contents won't.

""Domain Explorarium format, secure housing, hyperspace scans and analysis of the Persean Sector proper. Someone thought this worth doing to a standard, not just doing. Actual mapped space, Commander, on the other side of a wall I have spent my entire career on the wrong side of.""","10:korrin_gift_topo_look:So look at it
11:korrin_gift_topo_first:Thought you might want to see it before I did
12:korrin_gift_topo_notathing:It's just data. Don't make a whole thing of it",
XLII_korrin_a_gift_topo_look,DialogOptionSelected,"$option == korrin_gift_topo_look","FireAll XLII_KorrinGTopoFollowup","""I am going to. I would like it noted that I am making myself wait until this conversation is finished first, which is either discipline or cowardice and I have not decided which.""

""Which leaves the only real question - whether I look at this alone, or whether you stay for it.""",,
XLII_korrin_a_gift_topo_first,DialogOptionSelected,"$option == korrin_gift_topo_first","FireAll XLII_KorrinGTopoFollowup","""Then you have just handed me something I did not know I wanted handed to me in that particular order, and I need a moment with that fact before I get to the data itself.""

""Which leaves the only real question - whether I look at this alone, or whether you stay for it.""",,
XLII_korrin_a_gift_topo_notathing,DialogOptionSelected,"$option == korrin_gift_topo_notathing","FireAll XLII_KorrinGTopoFollowup","""I have spent thirty years reading about a wall I have never seen the other side of. I am absolutely going to make a whole thing of it, and you are going to have to sit through that.""

""Which leaves the only real question - whether I look at this alone, or whether you stay for it.""",,
XLII_korrin_o_gift_topo_stay,XLII_KorrinGTopoFollowup,,,,"20:korrin_gift_topo_stay:I'll stay",
XLII_korrin_o_gift_topo_bridge,XLII_KorrinGTopoFollowup,,,,"21:korrin_gift_topo_bridge:Take your time. I'll be on the bridge",
XLII_korrin_o_gift_topo_trust,XLII_KorrinGTopoFollowup,,,,"22:korrin_gift_topo_trust:Whatever you decide, I trust your read on it",
XLII_korrin_a_gift_topo_stay,DialogOptionSelected,"$option == korrin_gift_topo_stay","XLII_Korrin rep 0.08","""Good.""

No further comment for a moment. He is already opening the file.

""I would rather not get it alone.""","1:korrin_done:Leave it there",
XLII_korrin_a_gift_topo_bridge,DialogOptionSelected,"$option == korrin_gift_topo_bridge","XLII_Korrin rep 0.06","""Understood. I will tell you what I find, once I have worked out which parts of it I am allowed to be excited about in front of other people.""","1:korrin_done:Leave it there",
XLII_korrin_a_gift_topo_trust,DialogOptionSelected,"$option == korrin_gift_topo_trust","XLII_Korrin rep 0.06","""That is either a great deal of trust or a great deal of paperwork you are hoping to avoid reading yourself. I choose to believe it is the first one.""","1:korrin_done:Leave it there",
XLII_korrin_talk_opt_flip,XLII_KorrinTalkOptions,,,,"90:korrin_talk_flip:Ask him about something else","Turns over the drawn band only - pinned entries and backlogged comments stay put. XLII_Korrin menu prunes this row when nothing is left undrawn, so it carries no condition: conditions are evaluated inside the options trigger, before the draw has run. Sort order 90 - always second-to-last of the three standing entries below any drawn/backlog content; keep any future pinned topic's order under 90."
XLII_korrin_talk_flip,DialogOptionSelected,"$option == korrin_talk_flip","XLII_Korrin reroll
XLII_Korrin menu",,,"Costs nothing and is unlimited. The pool shrinks as you go, so it reads as leafing through what he might talk about rather than working a slot machine."
XLII_korrin_opt_itoron,XLII_KorrinTalkOptions,"!$global.XLII_korrin_asked_itoron","XLII_Korrin offer korrin_ask_itoron casual 100",,"50:korrin_ask_itoron:Do you miss Itoron?",
XLII_korrin_open_itoron,DialogOptionSelected,"$option == korrin_ask_itoron","FireAll XLII_KorrinT_itoron","""Not the way people expect."" He is doing something with his hands - checking a manifest that does not need checking. ""I do not lie awake over a green horizon, if that is the picture you are forming.""

""There is a specific smell fresh rain has on ferrocrete that this ship's recyclers have never once produced. It is a genuine, ongoing grievance, and I did not know I was carrying it until just now.""",,
XLII_korrin_o_itoron_specific,XLII_KorrinT_itoron,,,,"10:korrin_ito_specific:That's a very specific thing to miss",
XLII_korrin_o_itoron_humidifier,XLII_KorrinT_itoron,,,,"11:korrin_ito_humidifier:You could requisition a humidifier",
XLII_korrin_n_itoron_specific,DialogOptionSelected,"$option == korrin_ito_specific","$global.XLII_korrin_asked_itoron = true
XLII_Korrin rep 0.03","""It is."" He considers that a moment, not unhappily. ""The honest answer is that it is small enough to be mine without asking anyone's permission to feel it.""","1:korrin_done:Leave it there",
XLII_korrin_n_itoron_humidifier,DialogOptionSelected,"$option == korrin_ito_humidifier","$global.XLII_korrin_asked_itoron = true
XLII_Korrin rep 0.02","""I looked into it. Engineering said no, on grounds I did not entirely follow and elected not to argue with.""","1:korrin_done:Leave it there",
XLII_korrin_opt_athebyne,XLII_KorrinTalkOptions,"!$global.XLII_korrin_asked_athebyne","XLII_Korrin offer korrin_ask_athebyne casual 100",,"51:korrin_ask_athebyne:Why hasn't Athebyne been rebuilt properly by now?",
XLII_korrin_open_athebyne,DialogOptionSelected,"$option == korrin_ask_athebyne","FireAll XLII_KorrinT_athebyne","He has an answer ready, which tells you he has asked the question before and not liked what he got back.

""Reconstruction credits get authorized every session and reallocated before they're spent. I have watched it happen for six budget cycles running.""

He closes a ledger he was not really reading.

""I am no longer certain 'not enough money' is the actual reason, and I would like it to be, because the alternative is worse.""",,
XLII_korrin_o_athebyne_alt,XLII_KorrinT_athebyne,,,,"10:korrin_ath_alt:What's the alternative?",
XLII_korrin_o_athebyne_acq,XLII_KorrinT_athebyne,,,,"11:korrin_ath_acq:Sounds like Acquisitions and Sustainment as usual",
XLII_korrin_n_athebyne_alt,DialogOptionSelected,"$option == korrin_ath_alt","$global.XLII_korrin_asked_athebyne = true
XLII_Korrin rep 0.04","He commits to answering it plainly.

""The alternative is that a permanently unfinished Athebyne is more useful to somebody than a finished one. I do not know who. I have a short list, and I am not going to say it out loud on an open channel.""","1:korrin_done:Leave it there",
XLII_korrin_n_athebyne_acq,DialogOptionSelected,"$option == korrin_ath_acq","$global.XLII_korrin_asked_athebyne = true
XLII_Korrin rep 0.03","""It would be almost comforting if it were that. Acquisitions loses things - it is what they do. This looks deliberate, and deliberate is a different failure mode entirely.""","1:korrin_done:Leave it there",
XLII_korrin_opt_kori,XLII_KorrinTalkOptions,"!$global.XLII_korrin_asked_kori","XLII_Korrin offer korrin_ask_kori casual 100",,"52:korrin_ask_kori:What was it actually like, working on Kori?",
XLII_korrin_open_kori,DialogOptionSelected,"$option == korrin_ask_kori","FireAll XLII_KorrinT_kori","""Cold. Not dramatically - just always, in a way you stop mentioning after the first winter."" He goes through the motions of paperwork he does not have. ""Third shift meant everyone interesting was asleep and everyone tedious was awake. I got very good at my job because there was nothing else to do with the hours.""",,
XLII_korrin_o_kori_better,XLII_KorrinT_kori,,,,"10:korrin_kori2_better:Better than Ring-Port?",
XLII_korrin_o_kori_lonely,XLII_KorrinT_kori,,,,"11:korrin_kori2_lonely:Sounds lonely",
XLII_korrin_n_kori_better,DialogOptionSelected,"$option == korrin_kori2_better","$global.XLII_korrin_asked_kori = true
XLII_Korrin rep 0.03","""Different, not better. Ring-Port asked more of me and told me less. Kori told me everything and asked almost nothing."" He considers it seriously. ""I have never worked out which one I would recommend to somebody.""","1:korrin_done:Leave it there",
XLII_korrin_n_kori_lonely,DialogOptionSelected,"$option == korrin_kori2_lonely","$global.XLII_korrin_asked_kori = true
XLII_Korrin rep 0.04","He does not deflect it.

""It was, some nights. I read to fill them, and then I was good at reading, and then that was the job. I am not sure which came first, and it does not especially matter now.""","1:korrin_done:Leave it there",
XLII_korrin_opt_vorium,XLII_KorrinTalkOptions,"!$global.XLII_korrin_asked_vorium","XLII_Korrin offer korrin_ask_vorium casual 100",,"53:korrin_ask_vorium:What's there to say about Vorium?",
XLII_korrin_open_vorium,DialogOptionSelected,"$option == korrin_ask_vorium","$global.XLII_korrin_asked_vorium = true
XLII_Korrin menu","""Not much, and I mean that as a compliment to whoever runs it."" He glances at a manifest that has nothing to do with the question.

""Gravity assist for half the traffic in this system, and a mining operation on the moons that has never once made an incident log. I have started to suspect boring is a skill, and that somebody at Vorium is unusually good at it.""",,"No chain - he is thinking out loud, so the menu returns directly. One-shot, unlike korrin_ask_offduty."
XLII_korrin_opt_tiamat,XLII_KorrinTalkOptions,"!$global.XLII_korrin_asked_tiamat
$global.XLII_korrin_asked_descent","XLII_Korrin offer korrin_ask_tiamat casual 100",,"54:korrin_ask_tiamat:Is that where your family actually worked? Tiamat?","Gated on descent having been answered - naming the connection before that reveal would spoil it. Same pattern as office/august gating on career."
XLII_korrin_open_tiamat,DialogOptionSelected,"$option == korrin_ask_tiamat","FireAll XLII_KorrinT_tiamat","""Yes."" He says it plainly, the way he says most of it. ""Extraction shafts on the lava-adjacent side. Contract labor, rotated on eighteen-month postings.""",,
XLII_korrin_o_tiamat_work,XLII_KorrinT_tiamat,,,,"10:korrin_tia_work:What was the work like?",
XLII_korrin_o_tiamat_running,XLII_KorrinT_tiamat,,,,"11:korrin_tia_running:Do you know if the mine's still running?",
XLII_korrin_n_tiamat_work,DialogOptionSelected,"$option == korrin_tia_work","$global.XLII_korrin_asked_tiamat = true
XLII_Korrin rep 0.03","""Ore pulled straight from the cooled magma chambers. High-grade, and hot enough on extraction that the safety numbers were their own small argument every rotation.""

He states it without weight.

""It was work. I do not have more to give it than that, and I would be inventing something if I tried.""","1:korrin_done:Leave it there",
XLII_korrin_n_tiamat_running,DialogOptionSelected,"$option == korrin_tia_running","$global.XLII_korrin_asked_tiamat = true
XLII_Korrin rep 0.03","""Still running.""

""I checked, obviously. Alliance-operated now, same ore, better numbers than the ones I mentioned. I do not know why that mattered to confirm, only that it did.""","1:korrin_done:Leave it there",
XLII_korrin_opt_nidhogg,XLII_KorrinTalkOptions,"!$global.XLII_korrin_asked_nidhogg","XLII_Korrin offer korrin_ask_nidhogg casual 100",,"55:korrin_ask_nidhogg:What's actually out at Nidhogg?",
XLII_korrin_open_nidhogg,DialogOptionSelected,"$option == korrin_ask_nidhogg","FireAll XLII_KorrinT_nidhogg","""Sensor stations, watching a star that has not done anything unusual in five billion years.""

He says it entirely straight.

""I asked why we still crew the maintenance runs, and the answer I got was 'in case it does.' - but that wasn't entirely true, we don't actually have any people stationed there anymore, yet the sensors are maintained all the same""",,
XLII_korrin_o_nidhogg_fair,XLII_KorrinT_nidhogg,,,,"10:korrin_nid_fair:Fair enough",
XLII_korrin_o_nidhogg_expensive,XLII_KorrinT_nidhogg,,,,"11:korrin_nid_expensive:That's a very expensive 'in case.'",
XLII_korrin_n_nidhogg_fair,DialogOptionSelected,"$option == korrin_nid_fair","$global.XLII_korrin_asked_nidhogg = true
XLII_Korrin rep 0.02","""It is the correct answer."" He allows a beat for it. ""That does not make it a satisfying one.""","1:korrin_done:Leave it there",
XLII_korrin_n_nidhogg_expensive,DialogOptionSelected,"$option == korrin_nid_expensive","$global.XLII_korrin_asked_nidhogg = true
XLII_Korrin rep 0.03","""It is. I priced the maintenance schedule once, out of curiosity, and then wished I had not.""","1:korrin_done:Leave it there",
XLII_korrin_opt_jormungandr,XLII_KorrinTalkOptions,"!$global.XLII_korrin_asked_jormungandr","XLII_Korrin offer korrin_ask_jormungandr casual 100",,"56:korrin_ask_jormungandr:Ever actually been close to Jormungandr?",
XLII_korrin_open_jormungandr,DialogOptionSelected,"$option == korrin_ask_jormungandr","FireAll XLII_KorrinT_jormungandr","""Close enough to log it. Not close enough to see anything the sensors had not already told me twice.""",,
XLII_korrin_o_jormungandr_scared,XLII_KorrinT_jormungandr,,,,"10:korrin_jor_scared:Scared of a gas giant, Korrin?",
XLII_korrin_o_jormungandr_appeal,XLII_KorrinT_jormungandr,,,,"11:korrin_jor_appeal:What's the appeal, then?",
XLII_korrin_n_jormungandr_scared,DialogOptionSelected,"$option == korrin_jor_scared","$global.XLII_korrin_asked_jormungandr = true
XLII_Korrin rep 0.03","""Enormously. I have read the storm data.""

He is entirely serious about this.

""You should be too, and you are welcome for the recommendation.""","1:korrin_done:Leave it there",
XLII_korrin_n_jormungandr_appeal,DialogOptionSelected,"$option == korrin_jor_appeal","$global.XLII_korrin_asked_jormungandr = true
XLII_Korrin rep 0.02","""None, professionally.""

He shrugs it off easily.

""Every ship in this system uses it to know which way is home. That is the whole appeal, and it is a better one than most things get.""","1:korrin_done:Leave it there",
XLII_korrin_opt_hel,XLII_KorrinTalkOptions,"!$global.XLII_korrin_asked_hel","XLII_Korrin offer korrin_ask_hel casual 100",,"57:korrin_ask_hel:Anyone actually posted out at Hel?",
XLII_korrin_open_hel,DialogOptionSelected,"$option == korrin_ask_hel","FireAll XLII_KorrinT_hel","""A rotating crew of four. Six-month postings, minimal contact.""

He says it as a fact he has looked at more than once.

""I considered volunteering for it, before Ring-Port came up.""",,
XLII_korrin_o_hel_why,XLII_KorrinT_hel,,,,"10:korrin_hel_why:Why would you want that?",
XLII_korrin_o_hel_glad,XLII_KorrinT_hel,,,,"11:korrin_hel_glad:Glad you didn't",
XLII_korrin_n_hel_why,DialogOptionSelected,"$option == korrin_hel_why","$global.XLII_korrin_asked_hel = true
XLII_Korrin rep 0.04","""The quiet, mostly.""

He answers it honestly.

""I have never minded my own company. There is something to be said for a job where the only person who can find fault with your work is yourself.""","1:korrin_done:Leave it there",
XLII_korrin_n_hel_glad,DialogOptionSelected,"$option == korrin_hel_glad","$global.XLII_korrin_asked_hel = true
XLII_Korrin rep 0.05","""So am I, on balance.""

He says it lightly, and means it.

""Though I would have made an excellent hermit, and I stand by that.""","1:korrin_done:Leave it there",
"#END [KORRIN] Casual Topics",,,,,,
,,,,,,
# [KORRIN] Dev Testing,,,,,,
XLII_korrin_dev_opt_menu,XLII_KorrinTalkOptions,"$global.isDevMode",,,"200:korrin_dev_menu:>> (dev) adjust reputation","Dev-only, same gating convention vanilla uses ($global.isDevMode - see e.g. base game's ""lkeDevMazMenuOption""), colored 122,122,122 to mark it as a dev command rather than the vanilla gray token. No offer cell on purpose: like Leave/Ask-something-else, it always shows and never counts against the topic-draw budget."
XLII_korrin_dev_open_menu,DialogOptionSelected,"$option == korrin_dev_menu","SetOptionColor korrin_dev_menu ""122,122,122,255""
FireAll XLII_KorrinDevOptions","(dev) for testing rep-gated content without playing through every conversation to earn it.",,
XLII_korrin_dev_o_increase,XLII_KorrinDevOptions,,"SetOptionColor korrin_dev_increase ""122,122,122,255""",,"10:korrin_dev_increase:>> (dev) increase",
XLII_korrin_dev_o_decrease,XLII_KorrinDevOptions,,"SetOptionColor korrin_dev_decrease ""122,122,122,255""",,"11:korrin_dev_decrease:>> (dev) decrease",
XLII_korrin_dev_o_back,XLII_KorrinDevOptions,,"SetOptionColor korrin_dev_back ""122,122,122,255""",,"100:korrin_dev_back:>> (dev) back to Talk menu",
XLII_korrin_dev_n_increase,DialogOptionSelected,"$option == korrin_dev_increase","XLII_Korrin rep 0.1
FireAll XLII_KorrinDevOptions","(dev) rep increased.",,
XLII_korrin_dev_n_decrease,DialogOptionSelected,"$option == korrin_dev_decrease","XLII_Korrin rep -0.1
FireAll XLII_KorrinDevOptions","(dev) rep decreased.",,
XLII_korrin_dev_n_back,DialogOptionSelected,"$option == korrin_dev_back","XLII_Korrin menu",,,
"#END [KORRIN] Dev Testing",,,,,,
"#END [KORRIN] Companion",,,,,,
,,,,,,
# [ANCKER] System,,,,,,
,,,,,,
# [ANCKER] Greeting,,,,,,
XLII_aio_operative_init,OpenCDE,"$isPerson
$tag:XLII_aio_operative
$global.XLII_aio_operative_revealed","ShowPersonVisual
FireAll XLII_AIOOperativeMainMenu","The link connects without delay. Ancker is already looking at you when the feed connects.

A pause that holds something back.

Followed by a simple. ""Yeah?""",,
XLII_aio_operative_main_opt_leave,XLII_AIOOperativeMainMenu,"$tag:XLII_aio_operative",,,"99:aio_dismiss:That's all",
XLII_aio_operative_dismiss,DialogOptionSelected,"$option == aio_dismiss","EndConversation","""This directory will stay active.""",,
"#END [ANCKER] Greeting",,,,,,
,,,,,,
# [ANCKER] SP Exchange,,,,,,
XLII_aio_operative_main_opt_buy,XLII_AIOOperativeMainMenu,"$tag:XLII_aio_operative",,,"1:XLII_aio_buy_sp_opt:Exchange credits for a story point",
XLII_aio_buy_sp_sel,DialogOptionSelected,"$option == XLII_aio_buy_sp_opt
$tag:XLII_aio_operative","XLII_BuySP display",,"1:aio_sp_confirm:Accept
2:aio_sp_cancel:Decline",
XLII_aio_buy_sp_confirm,DialogOptionSelected,"$option == aio_sp_confirm
$tag:XLII_aio_operative","XLII_BuySP
FireBest XLII_AIOOperativeSPResult",,,
XLII_aio_buy_sp_cancel,DialogOptionSelected,"$option == aio_sp_cancel
$tag:XLII_aio_operative","FireAll XLII_AIOOperativeMainMenu",,,
XLII_aio_sp_result_success,XLII_AIOOperativeSPResult,"$tag:XLII_aio_operative
$global.XLII_aio_sp_purchased","$global.XLII_aio_sp_purchased = false
FireAll XLII_AIOOperativeMainMenu","""Transaction logged."" He makes a brief note. ""The Office maintains certain developmental resources. Consider this a reallocation.""",,
XLII_aio_sp_result_fail,XLII_AIOOperativeSPResult,"$tag:XLII_aio_operative
!$global.XLII_aio_sp_purchased","FireAll XLII_AIOOperativeMainMenu",,,
"#END [ANCKER] SP Exchange",,,,,,
,,,,,,
# [ANCKER] Kori Transcript,,,,,,
XLII_aio_operative_main_opt_kori,XLII_AIOOperativeMainMenu,"$tag:XLII_aio_operative
$global.XLII_burnTheMachineComplete
!$global.XLII_koriTranscriptRead",,,"2:aio_kori_transcript:There's something in the traffic about Kori",
XLII_aio_kori_transcript_open,DialogOptionSelected,"$option == aio_kori_transcript
$tag:XLII_aio_operative",,"""There is,"" he says, before you finish asking. He does not sound surprised that you asked - only that it took this long.

He does not summarize it. He puts the fragment on your screen exactly as recovered, unedited, timestamp intact.","1:aio_kori_frag1:Continue",
XLII_aio_kori_frag1,DialogOptionSelected,"$option == aio_kori_frag1
$tag:XLII_aio_operative","AddTextSmall ""Recovered Fragment 1 of 2 - Loss Report Addendum, Kori Undercroft"" highlight","""Uplink XLII-07, Longsight liaison equipment, reported non-responsive at 0347 local, coincident with unauthorized entry to the undercroft. Equipment presumed destroyed in the subsequent engagement. Terminal channel logged one unscheduled outbound transmission immediately prior to loss of signal. Origin unconfirmed. Content follows.""","1:aio_kori_frag2:Continue",
XLII_aio_kori_frag2,DialogOptionSelected,"$option == aio_kori_frag2
$tag:XLII_aio_operative","AddTextSmall ""Recovered Fragment 2 of 2 - Unscheduled Outbound Transmission"" highlight","""the hour was come / it has passed / (i have kept an older hour besides)""","1:aio_kori_close:Continue","Longsight's epitaph, per work/outline/main-story-endings.md - full archaic register, delivered as recovered transcript text rather than spoken live, per character_profile-longsight.md's 'match its register exactly or don't have it speak at all.' Lowercase/verse-break typography matches the live voice rewrite - see character_profile-longsight.md's Omega/THREAT typographic references."
XLII_aio_kori_close,DialogOptionSelected,"$option == aio_kori_close
$tag:XLII_aio_operative","$global.XLII_koriTranscriptRead = true","Ancker lets it sit on the screen longer than he needs to before he closes the file. ""I don't have a reading on that I'd stake anything on. I've stopped trying to have one for anything that comes out of Kori.""

The part that costs him something to say plainly, and he says it plainly anyway. ""The Rift is failing. Whatever held it up went with the installation. Hegemony inspection traffic will reach this system eventually - weeks, possibly less. That is not a variable I can manage for you.""

""One loose end left, and it's mine to name, not yours to guess at. Ladon. The bastion's garrison went hostile again the moment Kori did - the Office doesn't keep black sites standing for men it no longer trusts to know where they are."" A pause that isn't for effect. ""I'd call that your problem now.""","1:aio_kori_end:Understood",
XLII_aio_kori_end,DialogOptionSelected,"$option == aio_kori_end","EndConversation",,,
"#END [ANCKER] Kori Transcript",,,,,,
"#END [ANCKER] System",,,,,,
,,,,,,
# [BLIND EYE] Quest,,,,,,
,,,,,,
# [BLIND EYE] Act 0 - The Logs,,,,,,
XLII_gate_logs_discuss_sel,DialogOptionSelected,"$option == XLII_gate_logs_discuss
$tag:XLII_fleet_admiral_emil","FireBest XLII_GateLogsBranch",,,"Routes to full gate logs conversation"
XLII_gate_logs_branch_full,XLII_GateLogsBranch,,"FireAll XLII_GateLogsQuestions","""Well you've read the logs."" A measured pause. ""You know more than most officers who've served under me.""

A silence. You hear something - keys, or equipment - before he continues.

""Certain precautions are required for this channel, given what we're discussing.""

""The brief the Office gave me and what the Office actually knows are not the same document. I'll tell you what I can. Which is less than you'll want.""",,
XLII_gate_logs_deflect_leave,DialogOptionSelected,"$option == gate_logs_deflect_leave
$tag:XLII_fleet_admiral_emil","AdjustRepPerson XLII_fleet_admiral_emil COOPERATIVE 5
$global.XLII_gateLogDeflected = true
EndConversation","""Good."" A brief pause. ""And Commander - the Alliance doesn't forget the people who handle information correctly. Safe travels.""

The link closes cleanly.",,
XLII_gate_logs_deflect_press,DialogOptionSelected,"$option == gate_logs_press
$tag:XLII_fleet_admiral_emil","$global.XLII_gateLogDeflected = true
EndConversation","""Commander. I strongly suggest sealing your lips."" The voice is flat. ""We shall continue this another time.""

The link terminates.",,
XLII_gate_logs_q_base,XLII_GateLogsQuestions,"$tag:XLII_fleet_admiral_emil",,,,
XLII_gate_logs_q1_opt,XLII_GateLogsQuestions,"$tag:XLII_fleet_admiral_emil
!$global.XLII_logQ1Complete",,,"1:gate_logs_q1:Why did you stop trying to open the Gate?",
XLII_gate_logs_q2_opt,XLII_GateLogsQuestions,"$tag:XLII_fleet_admiral_emil
!$global.XLII_logQ2Complete",,,"2:gate_logs_q2:Why does the AIO have so much control?",
XLII_gate_logs_q3_opt,XLII_GateLogsQuestions,"$tag:XLII_fleet_admiral_emil
!$global.XLII_logQ3Complete",,,"3:gate_logs_q3:What did you find under Kori?",
XLII_gate_logs_q_continue,XLII_GateLogsQuestions,"$tag:XLII_fleet_admiral_emil
$global.XLII_logQ1Complete
$global.XLII_logQ2Complete
$global.XLII_logQ3Complete",,,"10:gate_logs_finale:I think I understand the shape of it",
XLII_gate_logs_q_return,DialogOptionSelected,"$option == gate_logs_q_return
$tag:XLII_fleet_admiral_emil","FireAll XLII_GateLogsQuestions",,,"Loop-back from each question answer"
XLII_gate_logs_q1_sel,DialogOptionSelected,"$option == gate_logs_q1
$tag:XLII_fleet_admiral_emil","$global.XLII_logQ1Complete = true","""Because the Gate was never the source."" A pause. ""The pings stopped the moment we cracked Kori's surface. Whatever was responding - it didn't come through gates. It was already here.""

The encryption holds. He doesn't move.

""The Gate was a receiver. A way of asking whether something was listening. Once we understood that, continuing at the Gate was redundant. The conversation had already moved.""","1:gate_logs_q_return:Continue",
XLII_gate_logs_q2_sel,DialogOptionSelected,"$option == gate_logs_q2
$tag:XLII_fleet_admiral_emil","$global.XLII_logQ2Complete = true","""I gave them a mandate and they filled it."" His tone lays flat. No defensiveness. ""Counterintelligence. Then signals. Then guarding Kori. Each expansion seemed reasonable at the time, inside the emergency we were managing.""

A brief silence.

""By the time I understood what they'd become, reversing it would have required options I no longer had. The Office knows too much. The Office does too much. And the Alliance depends on both."" He pauses. ""Some blindspots are chosen, Commander. You'll learn that if you haven't already.""","1:gate_logs_q_return:Continue",
XLII_gate_logs_q3_sel,DialogOptionSelected,"$option == gate_logs_q3
$tag:XLII_fleet_admiral_emil","$global.XLII_logQ3Complete = true","""Our key to survival."" A pause. ""That's what I told myself.""

He shifts. The encryption distorts around the motion.

""A Domain-era computational device. Designated LONGSIGHT. Built to coordinate colonial infrastructure across multiple systems - resource allocation, logistics, production planning. Never finished. Sealed when the Collapse severed its purpose.""

He is quiet for a moment.

""Then the Office woke it."" Another pause, heavier. ""And that's where the fog of war begins. I know the outline. The Office knows the rest.""","1:gate_logs_q_return:Continue",
XLII_gate_logs_finale_sel,DialogOptionSelected,"$option == gate_logs_finale
$tag:XLII_fleet_admiral_emil",,"The line is quiet for a moment. Longer than it needs to be.

""You've heard more than most, Commander."" His voice is measured and deliberate. ""Let me ask you something in return.""

A pause.

""Given everything you know - the Gate, Kori, the Office, what was necessary to keep this system alive - what would you have done in my position?""","1:gate_logs_ans_same:I would've done the same as you
2:gate_logs_ans_understand:I would've tried harder to understand it first
3:gate_logs_ans_aio:I wouldn't have let the AIO get that far
4:gate_logs_ans_athebyne:I would've bombed Athebyne again
5:gate_logs_ans_dontknow:I don't know",
XLII_gate_logs_ans_same,DialogOptionSelected,"$option == gate_logs_ans_same
$tag:XLII_fleet_admiral_emil",,"""I'm so surrounded by yes-men that it is hard to believe it, but given the benefit of doubt.""

He is still for a moment.

""Good..."" The word lands without inflection. ""That's the correct answer, and the honest one.""

A pause.

""Survival doesn't come with clean choices. Anyone who tells you otherwise has never been responsible for something that cannot be allowed to fail.""

""I'm glad we understand each other.""","1:gate_logs_closing:It's been an instructive conversation",
XLII_gate_logs_ans_understand,DialogOptionSelected,"$option == gate_logs_ans_understand
$tag:XLII_fleet_admiral_emil",,"""Yes."" He doesn't dismiss it. ""You might have.""

A pause.

""I've had that thought myself. In the years after Kori went active - what might we have learned, if we'd moved more slowly. If we'd been less desperate.""

The encrypted silhouette is still.

""But the war didn't give us time for philosophy, Commander. It rarely does. We understood enough to survive. I'm not certain understanding more would have made us safer.""","1:gate_logs_closing:It's been an instructive conversation",
XLII_gate_logs_ans_aio,DialogOptionSelected,"$option == gate_logs_ans_aio
$tag:XLII_fleet_admiral_emil",,"""Neither would I."" The voice is dry. ""In principle. The problem with principle is that it requires you to identify the line before you've crossed it.""

A pause.

""The Office was useful. Then it was necessary. Then it was irreplaceable. Each transition seemed logical at the time. The war makes everything seem logical."" He is quiet for a moment. ""If you find a way to draw that line clearly, Commander, let me know. I've been looking for it for thirty years.""","1:gate_logs_closing:It's been an instructive conversation",
XLII_gate_logs_ans_athebyne,DialogOptionSelected,"$option == gate_logs_ans_athebyne
$tag:XLII_fleet_admiral_emil",,"He stares at you for a moment. Then he laughs.

Brief. Unguarded. He doesn't appear to have expected it any more than you did.

A pause.

The silence that follows is almost thoughtful.

""...Right.""

He moves on as if it didn't happen.","1:gate_logs_closing:It's been an instructive conversation",
XLII_gate_logs_ans_dontknow,DialogOptionSelected,"$option == gate_logs_ans_dontknow
$tag:XLII_fleet_admiral_emil",,"""Good."" A pause. ""That's a more honest answer than most.""

He is quiet.

""Neither did I, at the time. That's the truth of it. The Gate responded, and we followed the thread because we were losing and we needed anything we could use. And we accepted it because the alternative was starvation and slow defeat."" The encrypted silhouette is still. ""I made decisions under uncertainty and they kept the Alliance alive. I don't know if they were right. But I know they were necessary.""

A brief pause.

""That distinction gets heavier every year.""","1:gate_logs_closing:It's been an instructive conversation",
XLII_gate_logs_closing,DialogOptionSelected,"$option == gate_logs_closing
$tag:XLII_fleet_admiral_emil","$global.XLII_logConversationComplete = true
EndConversation","""Likewise, Commander.""

He keys something. The encrypted image holds for a moment, then clears.

""We'll be in touch.""

The link closes.",,
"#END [BLIND EYE] Act 0 - The Logs",,,,,,
,,,,,,
# [BLIND EYE] Act 1 - The Note,,,,,,
XLII_blind_eye_note_start,MarketPostDock,"$faction.id == XLII_draconis
$global.XLII_logConversationComplete
!$global.XLII_blindEyeNoteReceived
!XLII_IsRingPortTakenExternally
XLII_CheckAdmiralRep 0.50","AddText ""An uniformed officer - Alliance security, shoulder patch of the XLII - falls into step alongside you as you move through the docking concourse. He doesn't slow. He doesn't look at you. Something is pressed into your hand. He keeps walking.""",,"1:blind_eye_look:Look at the note","Act 1 note delivery. MarketPostDock fires after docking. Wins over marketDock (score 0) when conditions are met."
XLII_blind_eye_note_look,DialogOptionSelected,"$option == blind_eye_look","AddText ""A folded slip. No name. No signature.""
AddText ""Three lines, printed.""
AddText ""Ring-Port. Transponder off. Ask for Korrin.""
AddText ""By the time you look up, the officer has cleared the checkpoint and is gone.""",,"1:blind_eye_pocket:Continue",
XLII_blind_eye_note_pocket,DialogOptionSelected,"$option == blind_eye_pocket","$global.XLII_blindEyeNoteReceived = true
$menuState = main 0
FireAll PopulateOptions",,,"Sets XLII_blindEyeNoteReceived. Then fires PopulateOptions so normal market menu appears immediately after."
"#END [BLIND EYE] Act 1 - The Note",,,,,,
,,,,,,
# [BLIND EYE] Act 2 - Korrin / Ring-Port,,,,,,
XLII_ring_port_transponder_gate,MarketPostDock,"$global.XLII_blindEyeNoteReceived
!$global.XLII_transponderVerified
XLII_IsAtRingPort
XLII_IsTransponderOff","XLII_RevealEliasKorrin
$global.XLII_transponderVerified = true
$menuState = main 0
FireAll PopulateOptions",,,"Fires at Ring-Port when note received + transponder off. Reveals Elias Korrin in comm directory then opens normal market menu."
XLII_elias_init,OpenCDE,"$isPerson
$tag:XLII_elias_korrin
$global.XLII_transponderVerified
!$global.XLII_blindEyeMissionActive
!$global.XLII_blindEyeDeclined
!$global.XLII_ringPortTaken","ShowPersonVisual
XLII_Korrin meet
FireAll XLII_EliasIntro",,,"First contact with Elias. Fires intro scene."
XLII_elias_intro_continue,XLII_EliasIntro,,,"The feed resolves after a moment - no ident header, no station routing tag. A young man, background dark. He looks at the pickup. ""Commander."" A pause. ""Korrin.""","1:elias_continue:Continue",
XLII_elias_briefing,DialogOptionSelected,"$option == elias_continue","FireAll XLII_EliasOptions","'You received the note?"" He follows up before you can answer. ""Good. Apologies for the secrecy - this operation is too important to risk on sloppiness.""

""I've been told to brief you on our operation, so to cut it short - the Fleet Admiral sent me to prepare the station for a change of hands. The operational specifics are recent.""

""August wants Ring-Port back, but not via our usual channels. And until now we haven't been able to commit Alliance assets without AIO oversight, and the Office's involvement would mean documentation, a review and secure process, and a multi-cycle delay while the Office investigates every nook and cranny of this facility before they even considered a direct assault."" A pause. ""You are not subject to that oversight.""",,"Briefing text. Fires XLII_EliasOptions to populate Q&A and accept/decline choices."
XLII_elias_opt_why,XLII_EliasOptions,"!$global.XLII_elias_askedWhy",,,"1:elias_why:Why Ring-Port? Why now?",
XLII_elias_opt_occupants,XLII_EliasOptions,"!$global.XLII_elias_askedOccupants",,,"2:elias_occupants:The station's current occupants",
XLII_elias_opt_accept,XLII_EliasOptions,,,,"3:elias_accept:I'll do it",
XLII_elias_opt_decline,XLII_EliasOptions,,,,"4:elias_decline:Not yet",
XLII_elias_dev_opt_skip_fight_early,XLII_EliasOptions,"$global.isDevMode",,,"10:elias_dev_skip_fight:>> (dev) skip fight","Dev-only ($global.isDevMode). Second placement of the same option (author feedback: the first placement, on XLII_EliasActiveOptions, only becomes reachable after $global.XLII_blindEyeMissionActive is set - which requires accepting the mission through XLII_EliasOptions/XLII_EliasConfirmOptions and clicking ""Launch the assault"" for real first, needing 500 marines to even get that far. That's not ""skipping the assault,"" that's ""doing the assault's own setup, then declining combat at the last screen"" - defeats the point). XLII_EliasOptions has no such prerequisite: XLII_elias_init's own conditions carry no ""already seen"" flag, so this Q&A screen re-fires on every single contact with Elias until the player either declines or actually launches - reachable on a completely fresh save, zero marines required. No new handler row needed: reuses the exact same option id (elias_dev_skip_fight) as the XLII_EliasActiveOptions placement, so the existing XLII_elias_dev_n_skip_fight row (a plain DialogOptionSelected handler, origin-agnostic) already answers it."
XLII_elias_dev_opt_instant_victory_early,XLII_EliasOptions,"$global.isDevMode",,,"11:elias_dev_instant_victory:>> (dev) instant victory","Dev-only. Same reasoning as XLII_elias_dev_opt_skip_fight_early above (reachable with zero prerequisites, unlike the XLII_EliasActiveOptions placement) - reuses the existing elias_dev_instant_victory option id and its handler (XLII_elias_dev_n_instant_victory), no new handler needed."
XLII_elias_why,DialogOptionSelected,"$option == elias_why","$global.XLII_elias_askedWhy = true
FireAll XLII_EliasOptions","""Two main reasons, firstly, the logistical output of Ring-Port is not insignificant, and we need all the help we can get. Secondly, it's a matter of optics; we may be a small fish in a large pond, but this reflects poorly on the Alliance for not being able to take back such an important asset. Those are the official reasons, anyway; in reality, we need the free operating space to work without oversight. August has been assembling a contingent of those loyal to him and wants to seize control of the Office.""

""The plan is straightforward. When the station changes hands, the AIO will arrive quickly after. That is expected. But our people are already embedded here - dock workers, transit staff, maintenance contractors, the list goes on - but the important detail is we've already prepared and secured this station before the AIO can sterilise it. If Alliance personnel hold the facility before the Office arrives, they hold it on the Admiral's terms.""

A moment's pause as Korrin leans back, as he takes a moment for himself.

""The timing was mine to judge. I sent the signal when the station's current commander was between reliable subordinates. This window is narrow.""",,
XLII_elias_occupants,DialogOptionSelected,"$option == elias_occupants","$global.XLII_elias_askedOccupants = true
FireAll XLII_EliasOptions","He nods as he considers the question.

""Well, originally, First Fleet veterans who refused integration after the armistice. The originals are mostly old now. Their children and the people those children trained are running the operation now.""

""They are technically proficient. They have survived in a hostile system on ingenuity and deterrence. They understand that the Alliance cannot absorb them without political consequence."" He stops there. ""But this operation isn't about petty revenge. Besides, their lives will be better under Alliance Control...""

He trails off on the last sentence, clearly not sold on his own words. But he catches himself.

""The important bit is they are proficient but underfunded fighters, Commander.""",,
XLII_elias_accept,DialogOptionSelected,"$option == elias_accept
XLII_HasMarinesForAssault","FireAll XLII_EliasConfirmOptions","He scans his terminal display. ""That's what I need to hear. My people are staged - the watch rotation on the cargo lock is clear, the maintenance window holds for another six hours. You have a window and the force to use it."" He closes the feed channel. ""The moment you launch, I'm inside with you.""",,"Player has enough marines - show launch confirmation."
XLII_elias_accept_nomines,DialogOptionSelected,"$option == elias_accept
!XLII_HasMarinesForAssault","FireAll XLII_EliasNeedMarinesOptions","He shakes his head. ""Not yet. The garrison runs thick for its size - First Fleet veterans who've spent two decades hardening that station against exactly this kind of assault. Five hundred marines minimum, and that's assuming everything I've arranged goes right. Come back when you have the numbers.""",,"Player lacks marines - show reminder."
XLII_elias_decline,DialogOptionSelected,"$option == elias_decline","$global.XLII_blindEyeDeclined = true
EndConversation","""Noted..."" He opens the datapad again. ""I'll be here.""",,"Sets XLII_blindEyeDeclined. Return dialog remains available."
XLII_elias_return,OpenCDE,"$isPerson
$tag:XLII_elias_korrin
$global.XLII_blindEyeDeclined
!$global.XLII_blindEyeMissionActive","ShowPersonVisual
FireAll XLII_EliasReturnOptions","He answers without delay. The expression is the same as when you left it - almost. ""Commander.""",,"Return visit after declining. Offers accept or leave."
XLII_elias_return_opt_accept,XLII_EliasReturnOptions,,,,"1:elias_return_accept:I'll do it",
XLII_elias_return_opt_leave,XLII_EliasReturnOptions,,,,"2:elias_return_leave:Not yet",
XLII_elias_return_accept,DialogOptionSelected,"$option == elias_return_accept
XLII_HasMarinesForAssault","$global.XLII_blindEyeDeclined = false
FireAll XLII_EliasConfirmOptions","He scans his terminal display. ""That's what I need to hear. My people are staged - the watch rotation on the cargo lock is clear, the maintenance window holds for another six hours. You have a window and the force to use it."" He closes the feed channel. ""The moment you launch, I'm inside with you.""",,
XLII_elias_return_accept_nomines,DialogOptionSelected,"$option == elias_return_accept
!XLII_HasMarinesForAssault","FireAll XLII_EliasNeedMarinesOptions","He shakes his head. ""Not yet. The garrison runs thick for its size - First Fleet veterans who've spent two decades hardening that station against exactly this kind of assault. Five hundred marines minimum, and that's assuming everything I've arranged goes right. Come back when you have the numbers.""",,
XLII_elias_return_leave,DialogOptionSelected,"$option == elias_return_leave","EndConversation",,,
XLII_elias_confirm_launch_opt,XLII_EliasConfirmOptions,,,,"1:elias_confirm_launch:Launch the assault",
XLII_elias_confirm_wait_opt,XLII_EliasConfirmOptions,,,,"2:elias_confirm_wait:Not yet",
XLII_elias_confirm_launch,DialogOptionSelected,"$option == elias_confirm_launch","XLII_BeginAssault",,,
XLII_elias_confirm_wait,DialogOptionSelected,"$option == elias_confirm_wait","EndConversation",,,
XLII_elias_marines_ack_opt,XLII_EliasNeedMarinesOptions,,,,"1:elias_marines_ack:Understood",
XLII_elias_marines_ack,DialogOptionSelected,"$option == elias_marines_ack","EndConversation",,,
XLII_elias_active,OpenCDE,"$isPerson
$tag:XLII_elias_korrin
$global.XLII_blindEyeMissionActive","ShowPersonVisual
XLII_Korrin meet
FireAll XLII_EliasActiveOptions","He answers on the second ping. ""Nothing new from my end. The situation holds.""",,"Subsequent visits once mission is active."
XLII_elias_active_ack,XLII_EliasActiveOptions,,,,"1:elias_ack:Understood",
XLII_elias_dev_opt_skip_fight,XLII_EliasActiveOptions,"$global.isDevMode",,,"10:elias_dev_skip_fight:>> (dev) skip fight","Dev-only ($global.isDevMode - same convention as Korrin's own dev menu, XLII_korrin_dev_opt_menu). Moved here (author feedback) from an earlier, wrong location in Korrin's Companion Talk menu (XLII_KorrinTalkOptions) - that menu is only reachable via the intel screen once Korrin is aboard as a companion (ABOARD_OFFICER/ABOARD_RESERVE per korrin-companion.md's state table), which is always after Ring-Port is taken and he's been recruited - useless for a shortcut whose entire point is skipping the fight that takes Ring-Port in the first place. XLII_EliasActiveOptions is the actual repeatable ""talk to Korrin"" screen reached by contacting him after $global.XLII_blindEyeMissionActive is set (i.e. after accepting the mission and launching the assault at least once - see XLII_elias_active above) - redocking or re-commming from here doesn't require refighting to see this option again. Calls the same XLII_DevSkipRingPortFight rulecmd as before (unchanged) - only the rules.csv wiring moved."
XLII_elias_dev_n_skip_fight,DialogOptionSelected,"$option == elias_dev_skip_fight","XLII_DevSkipRingPortFight",,,"Handler for XLII_elias_dev_opt_skip_fight above."
XLII_elias_dev_opt_instant_victory,XLII_EliasActiveOptions,"$global.isDevMode",,,"11:elias_dev_instant_victory:>> (dev) instant victory","Dev-only ($global.isDevMode), same location/reasoning as XLII_elias_dev_opt_skip_fight above - see that row's notes for why this moved here from Korrin's Companion Talk menu. Calls the same XLII_DevSkipRingPortVictory rulecmd as before (unchanged) - only the rules.csv wiring moved."
XLII_elias_dev_n_instant_victory,DialogOptionSelected,"$option == elias_dev_instant_victory","XLII_DevSkipRingPortVictory",,,"Handler for XLII_elias_dev_opt_instant_victory above."
XLII_elias_active_leave,DialogOptionSelected,"$option == elias_ack","EndConversation",,,
"#END [BLIND EYE] Act 2 - Korrin / Ring-Port",,,,,,
,,,,,,
# [BLIND EYE] Act 3 - Post-Victory,,,,,,
XLII_elias_victory,OpenCDE,"$isPerson
$tag:XLII_elias_korrin
$global.XLII_ringPortTaken
!$global.XLII_blindEyeVictoryAcked","ShowPersonVisual
XLII_Korrin meet
FireAll XLII_EliasVictoryIntro","You comm Korrin from the dock. The line connects without routing delay - Ring-Port's comms infrastructure already back under Alliance administration. The station is different. Same bulkheads, same corridors. Different faces at every checkpoint.",,"First visit to Elias after Ring-Port is taken. One-time acknowledgment."
XLII_elias_victory_intro,XLII_EliasVictoryIntro,,,"""It's done. Good job."" 

He says it without embellishment.

""August's contingent moved in within the hour. They'll be staged two berths over, waiting on their signal, but for all intents and purposes, the station is already under Alliance administration.""","1:elias_victory_what:What happens next?
2:elias_victory_ack:Understood",
XLII_elias_victory_what,DialogOptionSelected,"$option == elias_victory_what",,"""August's people hold the station before the Office arrives. That was the point."" He closes the terminal display. ""The Fleet Admiral will know what was accomplished here. Whatever the Office makes of that is their concern.""","1:elias_victory_close:Understood",
XLII_elias_victory_close,DialogOptionSelected,"$option == elias_victory_close","$global.XLII_blindEyeVictoryAcked = true
FireAll XLII_EliasContactOptions",,,"Sets XLII_blindEyeVictoryAcked, then flows straight into the contact options menu (recruit offer) instead of closing."
XLII_elias_victory_ack_close,DialogOptionSelected,"$option == elias_victory_ack","$global.XLII_blindEyeVictoryAcked = true
FireAll XLII_EliasContactOptions",,,
XLII_elias_contact,OpenCDE,"$isPerson
$tag:XLII_elias_korrin
$global.XLII_ringPortTaken
$global.XLII_blindEyeVictoryAcked","ShowPersonVisual
XLII_Korrin meet
FireAll XLII_EliasContactOptions","The line connects. ""Commander.""",,"Permanent contact state after victory acknowledged."
XLII_elias_contact_opt,XLII_EliasContactOptions,,,,"1:elias_contact_leave:Nothing right now",
XLII_elias_contact_close,DialogOptionSelected,"$option == elias_contact_leave","EndConversation",,,
"#END [BLIND EYE] Act 3 - Post-Victory",,,,,,
,,,,,,
# [BLIND EYE] Act 4a - August Internal Debrief,,,,,,
XLII_admiral_debrief_opt,XLII_AdmiralMainMenu,"$tag:XLII_fleet_admiral_emil
$global.XLII_ringPortTaken
!$global.XLII_blindEyeComplete",,,"1:ring_port_debrief:About Ring-Port","Appears in August's main menu once after assault. Disappears when blindEyeComplete."
XLII_admiral_debrief_init,DialogOptionSelected,"$option == ring_port_debrief
$tag:XLII_fleet_admiral_emil","FireBest XLII_AugustDebriefOpening",,,"Entry point. FireBest routes to the correct performance-tier opening."
XLII_august_debrief_open_precise,XLII_AugustDebriefOpening,"$global.XLII_raidPrecise","FireAll XLII_AugustDebriefContent","""Clean operation. Precise. However, don't mistake that for a compliment without conditions.""",,"Precise path: under 20% marines lost."
XLII_august_debrief_open_costly,XLII_AugustDebriefOpening,"$global.XLII_raidCostly","FireAll XLII_AugustDebriefContent","""The casualty count is significant."" He does not minimize it. ""But Ring-Port is held. That was the objective, good job.""",,"Costly path: over 50% marines lost."
XLII_august_debrief_open_accept,XLII_AugustDebriefOpening,,"FireAll XLII_AugustDebriefContent","""Ring-Port is secured. The count is filed."" A pause. ""We have what we came for.""",,"Fallback path: 20-50% marines lost."
XLII_august_debrief_beat3risky,XLII_AugustDebriefContent,"$global.XLII_beat3Risky",,"""I heard there were civilian causalities in the lower decks."" A pause as he leans back, static darting across his figure, as he makes a movement that can only be considered smoking. ""This is an issue Korrin will have to fix. He has had worse. But he will carry it regardless. This does, however, reflect poorly on all of us.""",,"Fires if Beat 3 was RISKY (marines pushed through civilians)."
XLII_august_debrief_beat5sp,XLII_AugustDebriefContent,"$global.XLII_beat5SP",,"""The inner sanctum's surrender was formal - observed, documented, clean under the Transit Accords."" A pause. ""That was the outcome I was hoping for.""",,"Fires if Beat 5 was SP (formal surrender under Transit Accords)."
XLII_august_debrief_beat5risky,XLII_AugustDebriefContent,"$global.XLII_beat5Risky",,"""No prisoners from the inner sanctum. I knew some of them, personally, they were not going to surrender to a foreign commission. Not after twenty years of spitting in my face. I had accounted for the possibility. Clean work.""",,"Fires if Beat 5 was RISKY (breach and clear)."
XLII_august_debrief_beat5safe,XLII_AugustDebriefContent,"$global.XLII_beat5Safe",,"""The inner sanctum's veterans - most of them - are in custody. That is workable. Less clean than a formal surrender. Korrin will manage the transition regardless.""",,"Fires if Beat 5 was SAFE (negotiated surrender, mixed result)."
XLII_august_debrief_korrin,XLII_AugustDebriefContent,,,"He keys something on the console - not looking at you now.

""I have your transfer ready, $global.XLII_raidCreditRewardFormatted credits, I'm sure you'll appreciate. The Alliance does not forget its contracts.""","1:debrief_elias:About Korrin
2:debrief_ack:Understood","Always fires last. Fixed Korrin paragraph and close options."
XLII_august_debrief_ack,DialogOptionSelected,"$option == debrief_ack
$tag:XLII_fleet_admiral_emil","XLII_DeliverRaidReward
$global.XLII_blindEyeComplete = true
FireAll XLII_AdmiralMainMenu",,,
XLII_august_debrief_elias,DialogOptionSelected,"$option == debrief_elias
$tag:XLII_fleet_admiral_emil","FireAll XLII_AugustDebriefElias","A pause that runs a half-second longer than it needs to, you could almost mistake it as a sigh.

""That place was personal to him; that's why he was there, but that's not the relevant fact. He'll be fine, Commander.""

He trails off, nothing in his expression. Nothing in his voice.",,
XLII_august_debrief_elias_text,XLII_AugustDebriefElias,,,,"1:debrief_elias_close:Understood",
XLII_august_debrief_elias_close,DialogOptionSelected,"$option == debrief_elias_close
$tag:XLII_fleet_admiral_emil","XLII_DeliverRaidReward
$global.XLII_blindEyeComplete = true
FireAll XLII_AdmiralMainMenu",,,
"#END [BLIND EYE] Act 4a - August Internal Debrief",,,,,,
,,,,,,
# [BLIND EYE] Act 4b - August External Debrief,,,,,,
XLII_admiral_ext_prequest_opt,XLII_AdmiralMainMenu,"$tag:XLII_fleet_admiral_emil
XLII_IsRingPortTakenExternally
!$global.XLII_blindEyeNoteReceived
!$global.XLII_blindEyeComplete",,,"1:ring_port_ext_prequest:About Ring-Port Station","Pre-quest external capture. Player never received the note."
XLII_admiral_ext_midquest_opt,XLII_AdmiralMainMenu,"$tag:XLII_fleet_admiral_emil
XLII_IsRingPortTakenExternally
$global.XLII_blindEyeNoteReceived
!$global.XLII_blindEyeComplete",,,"1:ring_port_ext_midquest:About Ring-Port","Mid-quest external capture. Player had the note but assault never happened."
XLII_admiral_ext_prequest_init,DialogOptionSelected,"$option == ring_port_ext_prequest
$tag:XLII_fleet_admiral_emil","FireAll XLII_AugustExtPrequestContent","""Ring-Port is no longer in hostile hands."" A pause. The distorted figure is still for a moment longer than usual. ""We are aware. The circumstances are not what I had planned, but the outcome serves the Alliance regardless.""",,"Pre-quest opening. August acknowledges without revealing his operation."
XLII_august_ext_prequest_body,XLII_AugustExtPrequestContent,,,"""The Office will need to establish presence before the situation calcifies. My people were not in position."" He does not elaborate further. ""That is a complication I will manage.""","1:ring_port_ext_helped:I had a hand in that
2:ring_port_ext_info:Thought you should know","Player chooses to claim credit or stay neutral."
XLII_august_ext_prequest_helped,DialogOptionSelected,"$option == ring_port_ext_helped
$tag:XLII_fleet_admiral_emil","FireAll XLII_AugustExtPrequestReward","""Then I suppose Alliance owes you a debt that predates the paperwork."" A beat. ""I had an operation planned for that station. Months of preparation. You have made it unnecessary.""

You detect the hint of frustration, however faint as he keys something on his console.

""Some credits and a marker of trust. For your 'initiate'...""",,"Player claims credit. August is pragmatic - the outcome serves regardless."
XLII_august_ext_prequest_info,DialogOptionSelected,"$option == ring_port_ext_info
$tag:XLII_fleet_admiral_emil","FireAll XLII_AugustExtPrequestReward","""Noted."" The distorted figure makes a gesture that might be acknowledgment. ""The Alliance benefits regardless of who held the blade.""

He keys something on the console.

""A small transfer. For services rendered to the Alliance - whether you intended them or not.""",,"Neutral path. August still pays - the intel alone has value."
XLII_august_ext_prequest_reward,XLII_AugustExtPrequestReward,,"XLII_DeliverExternalReward 500000
$global.XLII_ringPortTaken = true
$global.XLII_ringPortTakenExternally = true
$global.XLII_blindEyeVictoryAcked = true
$global.XLII_blindEyeComplete = true
BeginMission BlindEyeQuestMission
FireAll XLII_AdmiralMainMenu",,,"Delivers 500K credits. Sets all resolution flags."
XLII_admiral_ext_midquest_init,DialogOptionSelected,"$option == ring_port_ext_midquest
$tag:XLII_fleet_admiral_emil","FireAll XLII_AugustExtMidquestContent","The line is quiet for a few brief seconds. When he speaks, the modulated voice carries something that might be controlled anger, might be exhaustion.

""Ring-Port has changed hands."" A pause. ""Not through the channels I arranged. Not through my terms. Not through any of the infrastructure my people spent months embedding in that station.""",,"Mid-quest opening. August is displeased - controlled, not explosive."
XLII_august_ext_midquest_body,XLII_AugustExtMidquestContent,,,"He leans back. The encryption ripples.

""The Office arrived to a situation already in motion. My contingent was not in position. The embedded personnel - Loss. The operational security we built - compromised."" He does not raise his voice.

""I do not question the outcome. Ring-Port is out of hostile hands. But the operation I designed was not about the station, Commander. It was about who controlled the transition. That window is closed.""

He keys something on the console. The gesture is clipped.

""Credits. The contract rate for the outcome, absent the method. Take it. Consider the matter closed.""","1:ring_port_ext_mid_ack:Understood","August pays the reduced rate. The operation's value was in control, not conquest."
XLII_august_ext_midquest_close,DialogOptionSelected,"$option == ring_port_ext_mid_ack
$tag:XLII_fleet_admiral_emil","XLII_DeliverExternalReward 500000
$global.XLII_ringPortTaken = true
$global.XLII_ringPortTakenExternally = true
$global.XLII_blindEyeVictoryAcked = true
$global.XLII_blindEyeComplete = true
$global.XLII_blindEyeMissionActive = false
BeginMission BlindEyeQuestMission
FireAll XLII_AdmiralMainMenu",,,"Delivers 500K credits. Also unsets blindEyeMissionActive since the mid-quest assault never completed."
"#END [BLIND EYE] Act 4b - August External Debrief",,,,,,
"#END [BLIND EYE] Quest",,,,,,
,,,,,,
# [CHAIN OF CUSTODY] Quest,,,,,,
XLII_nanoforge_discuss_eligible,DialogOptionSelected,"$option == XLII_nanoforge_discuss
$tag:XLII_fleet_admiral_emil
XLII_CheckAdmiralRep
!$global.XLII_nanoforgeQuestOffered","$global.XLII_officeReferralPending = true
XLII_BeginOfficeContact
BeginMission OfficeReferralMission","""The last one went the way I expected it to."" August sets down whatever he's holding - the only concession he makes to this being a different kind of conversation than the last one. ""The Alliance extends trust in proportion to what it's tested. You've been tested enough, now, for what comes next.""

""Before that."" A rare thing for him: a question asked without an order wrapped around it. ""What do you make of Agent Korrin's reach, lately."" He doesn't wait long enough to expect a real answer. ""Something to think about. Not something I need answered today.""

""There is one thing."" A brief pause that, for once, doesn't feel like a tactic. ""Something the Alliance needs - not just for the war effort. But for what comes after it.

Kori's yards can produce hulls well enough. But what we cannot produce - not yet - is the precision manufacturing infrastructure we lost during the civil war. A Pristine Nanoforge. Domain-era. Undamaged.""

He studies you the way he studies everything before he answers it, then looks past you - already finished deciding. ""What we build from it doesn't stay with me. That's Office work, and the Office doesn't take my word for anyone.""

""You'll be contacted."" Flat. Final. ""Until then, there's nothing further to discuss.""","1:return_to_main_menu:Understood","Post-Ring-Port trust-arc scene 2 of 2 (this session) - see work/outline/main-story-endings.md's ""0b"". Prepended the trust-earned framing and a rhetorical (non-branching) question about Korrin directly onto this row's existing text, rather than intercepting XLII_AdmiralMainMenu separately - this row is already inherently one-shot (nothing ever resets $global.XLII_officeReferralPending back to false, so the menu option gating it can never re-fire once this plays), so no new one-shot flag or engineering was needed. Replaces the previously-silent rep-threshold gate with an earned scene.

Mission split (this session): BeginMission target changed from LongsightQuestMission to OfficeReferralMission - the referral/vetting/nanoforge-hunt stretch is now its own tracker, ending at XLII_nanoforgeQuestComplete (see XLII_nanoforge_deliver_success). LongsightQuestMission itself is retargeted to a later trigger (originally XLII_longsight_signal_open, later replaced by XLII_kori_longsight_warning_dock's MarketPostDock row - see # Burn the Machine section) and now covers only CONFRONT_AUGUST onward. See work/outline/main-story-endings.md's ""0b"" and ENDING_ROADMAP.md step 3d for the three-piece shape (OfficeReferralMission / ShapesOfOldMission / LongsightQuestMission), chosen so only one story-important intel entry is ever active at a time instead of two overlapping trackers narrating the same stretch."
XLII_nanoforge_discuss_fallback,DialogOptionSelected,"$option == XLII_nanoforge_discuss
$tag:XLII_fleet_admiral_emil",,"""You've served us well enough, Commander - that's not in question."" A measured pause. ""But some matters I hold in reserve for those who've given the Alliance more... comprehensive proof of commitment.

Keep doing what you're doing. That conversation will happen when the time is right.""","1:return_to_main_menu:Understood",
,,,,,,
# [CHAIN OF CUSTODY] Office Contact Intercept,,,,,,
XLII_office_contact_scene,XLII_OfficeContactScene,,"ShowPersonVisual","The small unmarked fleet that intercepted you broadcasts a comms request. Their channel resolves on an officer you don't recognize. They've clearly been looking for you.","1:XLII_office_contact_cont:Continue","One-shot comm from the Office fleet spawned by XLII_OfficeContactMonitor. ShowPersonVisual (bare) falls back to fleet.getCommander() for a CampaignFleetAPI target, matching XLII_FafnirBFIntercept/XLII_FafnirTJIntercept's own bare ShowPersonVisual - this row used to have no visual command at all on the mistaken assumption those two were also anonymous; they aren't (confirmed by reading their actual rows, not the older doc note that claimed otherwise). Text rewritten to match - no longer claims 'no visual'. Ported from XLII_OfficeContactDialog.java (deleted) - see .claude/systems/fafnir-access.md and .claude/systems/blind-eye.md."
XLII_office_contact_cont,DialogOptionSelected,,,"""Commander. Coordinates are attached. Ladon, $global.XLII_officeSystemName system.""

""The site's defenses have been briefed. Approach on a clean heading and you won't need to fight your way in.""

""The Director is waiting for you.""

The channel closes without waiting for a reply.","1:office_contact_ok:Continue",
XLII_office_contact_ok_sel,DialogOptionSelected,"$option == office_contact_ok","$global.XLII_officeContactDone = true
$global.XLII_officeAccessGranted = true
XLII_CompleteOfficeContact
DismissDialog",,,"Hands Ladon's coordinates and clears the bastion's standing hostility (XLII_OfficeSystem.ACCESS_GRANTED_FLAG) so the MEET_THE_DIRECTOR beat is reachable. XLII_CompleteOfficeContact (new rulecmd) clears assignments/tag and despawns the contact fleet, mirroring the old dialog's call to XLII_OfficeContactMonitor.onContactFired(). Standalone bare RuleBasedInteractionDialogPluginImpl scene - DismissDialog, not EndConversation."
"#END [CHAIN OF CUSTODY] Office Contact Intercept",,,,,,
,,,,,,
# [CHAIN OF CUSTODY] Monroe Vetting,,,,,,
XLII_monroe_vetting_open,XLII_MonroeVetting,"$global.XLII_aio_operative_revealed","ShowDefaultVisual","The approach towards the station alone tells you a lot. Checkpoints challenge the ship at ranges no crewed defense grid would be able to react to in time. Sensor arrays cycle through patterns that never quite repeat. The bastion resolves out of the dark already lit for a docking nobody scheduled anywhere you can see.

The Tri-Tachyon livery and stenciling have been replaced by AIO markings. Whatever they refitted this for, they took paranoia as a design constraint before it took anything else - the redundancy stops reading as doctrine somewhere past the third layer and starts reading like something standing watch.","1:ancker_escort_arrival_met:Continue","Split this session: the arrival paragraph now stands alone with no portrait (ShowDefaultVisual - the bastion's own interaction image, not a person), separated from Ancker's own greeting by a plain Continue, so the player reads the approach alone before any character appears. Ancker's greeting moved to XLII_ancker_escort_greeting_met, reached via ancker_escort_arrival_met."
XLII_monroe_vetting_open_unmet,XLII_MonroeVetting,"!$global.XLII_aio_operative_revealed","$global.XLII_aio_operative_revealed = true
XLII_RevealDanielAncker
ShowDefaultVisual","The approach towards the station alone tells you a lot. Checkpoints challenge the ship at ranges no crewed defense grid would be able to react to in time. Sensor arrays cycle through patterns that never quite repeat. The bastion resolves out of the dark already lit for a docking nobody scheduled anywhere you can see. The Tri-Tachyon livery and stenciling have been replaced by AIO markings. Whatever they refitted this for, they took paranoia as a design constraint before it took anything else - the redundancy stops reading as doctrine somewhere past the third layer and starts reading like something standing watch.","1:ancker_escort_arrival_unmet:Continue","Split this session - see XLII_monroe_vetting_open's notes for the shared pattern. Ancker's greeting moved to XLII_ancker_escort_greeting_unmet, reached via ancker_escort_arrival_unmet. The reveal-flag/XLII_RevealDanielAncker side effects stay on this row (they must run regardless of the Continue click that follows)."
XLII_ancker_escort_greeting_met,DialogOptionSelected,"$option == ancker_escort_arrival_met","ShowPersonVisual false XLII_aio_operative_Daniel
FireAll XLII_AnckerEscortOptions","""Commander."" The same clipped address as before, nothing added to it. Ancker doesn't stand from wherever he's positioned - he's already watching the door you came through. ""Didn't expect to be the one meeting you here.""

He doesn't offer more than that. ""I'll take you the rest of the way.""",,"New this session, split out of XLII_monroe_vetting_open so the bastion arrival paragraph could stand alone with no portrait first - see that row's notes."
XLII_ancker_escort_greeting_unmet,DialogOptionSelected,"$option == ancker_escort_arrival_unmet","ShowPersonVisual false XLII_aio_operative_Daniel
FireAll XLII_AnckerEscortOptions","A man is waiting at the end of the corridor, watching the door you came through with the specific patience of someone who already knows what's behind it.

""Commander."" Nothing further offered - no rank, no department, the same ceremony he seems to always use. ""I'll take you the rest of the way.""",,"New this session, split out of XLII_monroe_vetting_open_unmet - see XLII_ancker_escort_greeting_met's notes for the shared reason."
XLII_ancker_escort_opt_role_met,XLII_AnckerEscortOptions,"$global.XLII_aio_operative_revealed
!$anckerAskedRole",,,"10:ancker_escort_role:Ask why he's the one who came",
XLII_ancker_escort_opt_role_unmet,XLII_AnckerEscortOptions,"!$global.XLII_aio_operative_revealed
!$anckerAskedRole",,,"10:ancker_escort_role:Ask what he does for the Office",
XLII_ancker_escort_opt_kori,XLII_AnckerEscortOptions,"!$anckerAskedKori",,,"11:ancker_escort_kori:Do I finally get to learn what's under Kori?",
XLII_ancker_escort_opt_silent,XLII_AnckerEscortOptions,,,,"12:ancker_escort_move_on:Keep walking",
XLII_ancker_a_escort_role,DialogOptionSelected,"$option == ancker_escort_role","$anckerAskedRole = true 0
FireAll XLII_AnckerEscortOptions","""I just make sure people enter the rooms the way they're supposed to.""

""This one, today.""",,"Reworked this session to match the Monroe Q&A pattern (XLII_monroe_qa_why_opt etc.): answering re-fires the option-populating trigger instead of forcing Continue, so the option vanishes (via !$anckerAskedRole) but the player isn't locked out of asking the other question first. XLII_ancker_a_escort_silent is the always-present ""move on"" pick and is unaffected."
XLII_ancker_a_escort_kori,DialogOptionSelected,"$option == ancker_escort_kori","$anckerAskedKori = true 0
FireAll XLII_AnckerEscortOptions","He scoffs, and looks at you a moment past the point the question needed.

""Not my call.""",,"Reworked this session - see XLII_ancker_a_escort_role's notes for the shared pattern."
XLII_ancker_a_escort_silent,DialogOptionSelected,"$option == ancker_escort_move_on",,"Ancker doesn't try to fill the silence. The rest of the walk passes without either of you saying anything else.","1:ancker_escort_continue:Continue","Renamed from ""Say nothing, keep walking"" / ancker_escort_silent (this session) - the old wording read as contradictory once the option could be reached after already asking one or both questions. Text reworded to not presuppose the player said nothing the whole walk."
XLII_ancker_escort_continue_sel,DialogOptionSelected,"$option == ancker_escort_continue",,"He glances up once, through the televised external view at the station's support ribs arching overhead, and something in his face changes for exactly as long as the glance lasts.

""Whatever designed this wasted a career being modest about it.""

Then he isn't looking at the ceiling anymore, and it's gone.

The corridor ends at a plain door.

""She's waiting."" He doesn't walk you in. Just to the line where his job ends and hers begins.","1:ancker_escort_to_monroe:Continue",
XLII_ancker_escort_handoff,DialogOptionSelected,"$option == ancker_escort_to_monroe","ShowPersonVisual false XLII_aio_director_Haspel
FireBest XLII_MonroeVettingBegin",,,"Context-changing handoff row deliberately carries no text of its own - see rules-csv SKILL.md's execution-order note. XLII_monroe_vetting_begin supplies Monroe's own opening text in a separate pass, once her portrait is already active."
XLII_monroe_vetting_begin,XLII_MonroeVettingBegin,,,"You walk the rest of the way in, past machinery clearly older than the Alliance itself.

The room is small, spare, and cold - its convenience for humans was never the point. A woman is standing at the far end of it, reading something off a data-slate that she doesn't care to look up from until you've stopped moving.

She sets the slate down without finishing whatever was on it. ""What an honor."" She is difficult to read, but you get the feeling she does not mean this as a form of flattery.","1:monroe_vetting_continue:Continue","Monroe's own opening, split out of the original XLII_monroe_vetting_open so Ancker's escort scene could be inserted ahead of it. First paragraph trimmed - the original 'two marines with no faction markings meet you at the airlock' line is replaced with Ancker doing that job, since he's now the one who walks the player in. Split further this session into two Continue-separated beats (this row + XLII_monroe_vetting_continue) so the opening info-dump reads as two smaller chunks instead of one wall of text."
XLII_monroe_vetting_continue,DialogOptionSelected,"$option == monroe_vetting_continue","FireAll XLII_MonroeQAMenu","""I am Haspel Monroe. I run the Office - and not the arm of it you've dealt with, nor the one that occasionally embarrasses itself in front of Tri-Tachyon. I am the sum of it all.""

She tilts her head ever so slightly and gives the faintest impression of a cruel smile.

""August and I have never really seen eye to eye, except for you. He wants to hand you a piece of something this Alliance has spent years keeping off every ledger. He's given you a recommendation for something particularly old - but in the end that decision comes down to me.""",,"Second half of Monroe's opening, continuing from XLII_monroe_vetting_begin's Continue option. Carries the FireAll XLII_MonroeQAMenu that used to live on the begin row, so the Q&A options only appear once she's actually finished talking."
XLII_monroe_qa_why_opt,XLII_MonroeQAMenu,"!$monroeAskedWhy",,,"1:monroeWhy:Why does that fall to you, is August not in charge of the Alliance?",
XLII_monroe_qa_place_opt,XLII_MonroeQAMenu,"!$monroeAskedPlace",,,"2:monroePlace:What is this place?",
XLII_monroe_qa_proceed_opt,XLII_MonroeQAMenu,,,,"3:monroeProceed:I'm here for a reason, just say it",
XLII_monroe_why_sel,DialogOptionSelected,"$option == monroeWhy","$monroeAskedWhy = true 0
FireAll XLII_MonroeQAMenu","""Because rank answers to whoever's alive to give the order.""

She checks the slate again without reading it, more habit than attention.

""Continuity answers to whoever planned past that point. August didn't. I did. But to enunciate more clearly, the Alliance answers to the Office, one way or another.""",,
XLII_monroe_place_sel,DialogOptionSelected,"$option == monroePlace","$monroeAskedPlace = true 0
FireAll XLII_MonroeQAMenu","""Let's call it a disused observation post, a gift from our friends on the other side.""

A faint, humorless precision on the word disused.

""It has simply never needed anyone outside this room to know otherwise.""",,
XLII_monroe_proceed_sel,DialogOptionSelected,"$option == monroeProceed",,"""I've read what August sent, and I've read what he didn't think to send.""

She studies you the way she studies a report she's already decided on. ""You're reliable enough for what he wants to give you. I'm not asking whether you agree with that. I'm telling you I've already decided it.""

A pause that costs her exactly as much as it costs her to spend it, then it's gone. ""What you will be handed answers to questions you haven't been given yet. Don't go looking for them. When the Alliance needs you to have them, you will.""

She's already reaching for the slate again, done with you before she says so.

""Tell August his something is cleared. He'll know what that means. He'll have work for you.""","monroeClose:Understood",
XLII_monroe_close_sel,DialogOptionSelected,"$option == monroeClose","$global.XLII_officeVettingComplete = true
ShowPersonVisual false XLII_aio_operative_Daniel
FireBest XLII_AnckerEscortExit",,,"Redirects to XLII_ancker_escort_exit (his farewell beat) instead of dismissing directly - the actual DismissDialog now lives on XLII_ancker_escort_exit_close. No text of its own, per the execution-order rule, since the portrait swap needs to land before the next row's text composes."
XLII_ancker_escort_exit,XLII_AnckerEscortExit,,,"Ancker is waiting on the way out, already positioned where the corridor bends - sightline to both the door behind you and the way out ahead.

""You'll want to be careful with what you go looking for now."" He's already turning to leave before you can answer. ""Careful. Some doors only lock from the inside.""","1:ancker_escort_exit_continue:Continue","Fired from XLII_monroe_close_sel once Monroe's own vetting concludes, before the dialog actually dismisses. Foreshadows his later role delivering Longsight's recovered epitaph transcript in Burn the Machine - see ENDING_ROADMAP.md step 3d. Split this session: the show-of-force departure paragraph moved to XLII_ancker_escort_exit_continue, reached via a plain Continue with no portrait (ShowDefaultVisual), so the player reads it alone the same way the arrival beat works."
XLII_ancker_escort_exit_continue,DialogOptionSelected,"$option == ancker_escort_exit_continue","ShowDefaultVisual","The escort that walked your shuttle in has multiplied by the time you clear the docking ring - more hulls than the approach needed, none of them hailing you, all of them tracking. Nobody fires. The message however reads clearly enough: you were allowed to leave.","1:ancker_escort_exit_close:Continue","New this session, split out of XLII_ancker_escort_exit so this closing beat reads with no portrait (ShowDefaultVisual) - see that row's notes."
XLII_ancker_escort_exit_close,DialogOptionSelected,"$option == ancker_escort_exit_close","DismissDialog",,,"Standalone scene with no parent menu - DismissDialog, not EndConversation. See the longsight.md Gotchas 'sibling trap' entry."
XLII_office_followup_offer,DialogOptionSelected,"$option == XLII_office_followup
$tag:XLII_fleet_admiral_emil
$global.XLII_officeVettingComplete
!$global.XLII_nanoforgeQuestOffered","$global.XLII_nanoforgeQuestOffered = true","""Then we understand each other."" The encrypted silhouette leans forward slightly.

""To cut the ceremony, we are looking for a pristine condition Nanoforge. Which yes, I understand the gravity of our request, but I assure you I would entrust this to no one else.

""Bring it to me directly. I won't ask where you found it. You won't need to ask what we intend to do with it.""

He doesn't wait for you to answer before he continues, already treating it as settled.

""The Alliance, nor I, forget its debts, Commander.""","1:return_to_main_menu:Understood",
XLII_nanoforge_deliver_success,DialogOptionSelected,"$option == XLII_nanoforge_deliver
$tag:XLII_fleet_admiral_emil
$global.XLII_nanoforgeQuestOffered
XLII_NanoforgeExchange check
!$global.XLII_nanoforgeQuestComplete","XLII_NanoforgeExchange install
$global.XLII_nanoforgeQuestComplete = true
AddCredits 1000000
AddStoryPoints 3","The silhouette on the screen is still for a long moment.

""Some things are better kept off the record. But thank you, truly.""

You hear something being keyed in the background.

""The forge goes to Kori. What it will do will outlast us both.""

A pause - the first one that doesn't feel like calculated investigation of you.

""There's a second matter. It isn't ready to hand over yet."" He doesn't say when it will be. ""You won't hear it from me first, when it comes. I'd get used to that, if I were you.""

""Needless to say, this stays between us until then, Commander.""","1:nanoforge_deliver_close:Understood","Timer removed this session: dropped XLII_StoreCurrentDay XLII_longsightUplinkDay from script (nothing reads that key anymore - see the deleted XLII_admiral_main_longsight_signal_opt) and reworded the closing lines so August no longer promises to initiate recontact. Korrin now nudges the player toward the sector-tour path directly (XLII_korrin_c_tour_nudge, fired off $global.XLII_nanoforgeQuestComplete), so the archive-hint/investigated path is the only route to Longsight recontact - see work/outline/main-story-endings.md's ""0b"".

Mission split (this session): this row's own $global.XLII_nanoforgeQuestComplete = true is both OfficeReferralMission's own COMPLETED trigger and the queue condition for XLII_korrin_c_tour_nudge in korrin_topics.csv. ShapesOfOldMission itself no longer starts here - BeginMission ShapesOfOldMission moved to XLII_korrin_a_tour_nudge_in/_why (this session), so the mission is created by the player's own agreement in that conversation, not automatically at the forge handoff. Korrin proposes the plan there, not August here. ShapesOfOldMission covers the sector tour + Kori archive infiltration, ending at $global.XLII_koriInfiltrationComplete. See ENDING_ROADMAP.md step 3d."
XLII_nanoforge_deliver_close,DialogOptionSelected,"$option == nanoforge_deliver_close","EndConversation",,,
"#END [CHAIN OF CUSTODY] Monroe Vetting",,,,,,
"#END [CHAIN OF CUSTODY] Quest",,,,,,
,,,,,,
# [SHAPES OF OLD] Quest,,,,,,
,,,,,,
# [SHAPES OF OLD] Tour Nudge,,,,,,
XLII_korrin_c_tour_nudge,XLII_KorrinComment,"XLII_Korrin topicIs korrin_tour_nudge","XLII_Korrin visual
FireAll XLII_KorrinCTourNudgeOptions","""I have a confession - while on our way back, I had a look at the forge, and well...""

Korrin has the derelict-survey data pulled up - the same file he's been circling since before since meeting with Monroe.

""...All manufacturing leaves a fingerprint. And I have a hunch that whatever created the Domain used to create their tech is seemingly still active, or at least part of it. And I think Draconis has it.""

""If you're willing, I'd like to hunt some demons..."" He puts a particular exaggeration on the word demons. ""I don't expect any one of them to hand us an answer. But it could confirm what I am thinking.""",,"New this session - fires off $global.XLII_nanoforgeQuestComplete, right after the forge exchange. This is the bug fix from this session's item 8: previously nothing guided the player toward the sector-tour arc (Remnant/Omega/Threat/Dweller, see ""Stage 4 (Midpoint)"" further down and work/outline/main-story-endings.md's ""0b"") except discovering it unprompted; now Korrin actively proposes it, which is also why the 30-day XLII_admiral_main_longsight_signal_opt timer fallback was deleted (see XLII_nanoforge_deliver_success's notes) - the tour is always reachable from here, not gated behind a hidden clock."
XLII_korrin_c_tour_nudge_opt_in,XLII_KorrinCTourNudgeOptions,,,,"10:korrin_tour_nudge_in:We'll look into it",
XLII_korrin_c_tour_nudge_opt_why,XLII_KorrinCTourNudgeOptions,,,,"11:korrin_tour_nudge_why:Looking for something in particular?",
XLII_korrin_c_tour_nudge_opt_later,XLII_KorrinCTourNudgeOptions,,,,"100:korrin_defer:Not now",
XLII_korrin_a_tour_nudge_in,DialogOptionSelected,"$option == korrin_tour_nudge_in","XLII_Korrin topicDone
XLII_Korrin rep 0.03
BeginMission ShapesOfOldMission","""Good."" He's already annotating the slate before you've finished agreeing. ""I'll flag what we find as it comes in. Let's try not to die in the process - that would complicate my notes."" He beams a soft smile up at you.","1:korrin_done:Leave it there","This session: moved BeginMission ShapesOfOldMission here from XLII_nanoforge_deliver_success. The mission now starts when the player agrees to Korrin's plan, not automatically at the forge handoff - see notes on that row."
XLII_korrin_a_tour_nudge_why,DialogOptionSelected,"$option == korrin_tour_nudge_why","XLII_Korrin topicDone
XLII_Korrin rep 0.02
BeginMission ShapesOfOldMission","""Yes. Although I don't know what will have what I am looking for yet, and I've been wrong about that before.""

A short pause, more calculation than hesitation.

""A lot of bad answers narrow it down faster than good one.""","1:korrin_done:Leave it there","This session: also fires BeginMission ShapesOfOldMission (same as XLII_korrin_a_tour_nudge_in). Both branches call XLII_Korrin topicDone, which permanently retires this one-shot topic (KorrinTopicQueue.markDelivered) - only 'Not now' (korrin_defer) leaves it re-drawable, so the mission must start from every terminal branch or asking 'why' first would soft-lock it."
"#END [SHAPES OF OLD] Tour Nudge",,,,,,
,,,,,,
# [SHAPES OF OLD] Tour Stops,,,,,,
XLII_korrin_c_tour_remnant,XLII_KorrinComment,"XLII_Korrin topicIs korrin_tour_remnant","$global.XLII_tour_remnant_heard = true
XLII_Korrin visual
FireAll XLII_KorrinCTourRemnantOptions","Elias is running a salvage tally off the wreckage, scanner in hand.

""So this is what 'salvage rights' actually means."" He doesn't look up from the readout. ""I've read the requisition forms from our Expeditionary Forces a few times. Nobody ever writes 'purged automated fleet' on them.""

He keeps scrolling. ""The Alliance harvested this exact class during the war. I know, because I filed the paperwork on a shipment once, before I understood what I was filing."" He glances over. ""Did you know that before today?""",,"Sector-tour stop 1 of 4 (Remnants). Queued by XLII_SectorTourListener on a player victory over a 'remnant'-faction fleet with Elias aboard. See work/outline/main-story-endings.md's ""0b. The sector tour""."
XLII_korrin_c_tour_remnant_opt_did,XLII_KorrinCTourRemnantOptions,,,,"10:korrin_tour_remnant_did:I did",
XLII_korrin_c_tour_remnant_opt_didnt,XLII_KorrinCTourRemnantOptions,,,,"11:korrin_tour_remnant_didnt:I didn't",
XLII_korrin_c_tour_remnant_opt_later,XLII_KorrinCTourRemnantOptions,,,,"100:korrin_defer:Not now",
XLII_korrin_a_tour_remnant_did,DialogOptionSelected,$option == korrin_tour_remnant_did,"XLII_Korrin rep 0.04
AddRemoveAnyItem SPECIAL modspec XLII_derelict_ecm_relay 1","""That doesn't really surprise me. You've got a good eye, better than mine, apparently."" He gives an ever so brief chuckle.

He pulls a component off the wreck himself, his hands doing the work rather than his mouth.

""Yours, if you can use it. Whatever Acquisitions would have called it, I promise this is shorter."" He hands it over without ceremony.",1:korrin_tour_close:Leave it there,Grants Derelict ECM Suite modspec (AddRemoveAnyItem SPECIAL modspec XLII_derelict_ecm_relay) - right-click the item in cargo to learn the hull mod.
XLII_korrin_a_tour_remnant_didnt,DialogOptionSelected,$option == korrin_tour_remnant_didnt,"XLII_Korrin rep 0.04
AddRemoveAnyItem SPECIAL modspec XLII_derelict_ecm_relay 1","""I don't think many people do. It's certainly not on the recruitment posters.""

He pulls a component off the wreck himself, hands doing the work rather than his mouth. ""Yours, if you can use it. Whatever Acquisitions would have called it, I promise this is shorter."" He hands it over without ceremony.",1:korrin_tour_close:Leave it there,Grants Derelict ECM Suite modspec (AddRemoveAnyItem SPECIAL modspec XLII_derelict_ecm_relay) - right-click the item in cargo to learn the hull mod.
XLII_korrin_c_tour_omega,XLII_KorrinComment,"XLII_Korrin topicIs korrin_tour_omega","$global.XLII_tour_omega_heard = true
XLII_Korrin visual
FireAll XLII_KorrinCTourOmegaOptions","""The Omega..."" He looks back at the wreck.

""Not saying it's the same shape as what's under Kori."" He says it anyway, the specific way of a man who's decided to say the thing right after disclaiming it. ""However, I've started noticing when something acts like it's answering to someone. Does it ever bother you how much of what we fly runs on 'we're not sure why it works'?""",,"Sector-tour stop (Omega) - the load-bearing one for the Longsight parallel. Built on the real, established fact that the Remnants regard the Omega as something like a deity. Do not let this land as a stated conclusion - he disclaims the comparison in the same breath he makes it, per his character bible's rule against confessing conclusions. Grounded in Elias's prior knowledge (a Remnant intelligence file), not a directly-witnessed picket-deference moment in this specific fight - corrected after live testing found Omega is reachable as a solo bounty target with no Remnant fleet anywhere nearby, which the original 'picket didn't engage' framing assumed. Do not reintroduce a specific-encounter framing without checking for a Remnant fleet actually present in the battle first."
XLII_korrin_c_tour_omega_opt_answers,XLII_KorrinCTourOmegaOptions,,,,"10:korrin_tour_omega_answers:Think it's related to Longsight?",
XLII_korrin_c_tour_omega_opt_speculate,XLII_KorrinCTourOmegaOptions,,,,"11:korrin_tour_omega_speculate:Rather not speculate",
XLII_korrin_c_tour_omega_opt_what,XLII_KorrinCTourOmegaOptions,,,,"12:korrin_tour_omega_what:What do you think the Omega are?",
XLII_korrin_c_tour_omega_opt_later,XLII_KorrinCTourOmegaOptions,,,,"100:korrin_defer:Not now",
XLII_korrin_a_tour_omega_answers,DialogOptionSelected,$option == korrin_tour_omega_answers,"XLII_Korrin rep 0.05
AddRemoveAnyItem SPECIAL modspec XLII_entropic_field 1","""I don't know..."" Flat, no theater in it. ""But I can't shake the feeling there is a connection.""

He extracts something from the wreck himself. ""Whatever this is, don't ask me how it works. I don't think the engineers who'll install it know either."" He hands it over.",1:korrin_tour_close:Leave it there,Grants Entropic Field modspec (AddRemoveAnyItem SPECIAL modspec XLII_entropic_field) - right-click the item in cargo to learn the hull mod.
XLII_korrin_a_tour_omega_speculate,DialogOptionSelected,$option == korrin_tour_omega_speculate,"XLII_Korrin rep 0.03
AddRemoveAnyItem SPECIAL modspec XLII_entropic_field 1","""Neither would I, if I could help it."" A short, humorless laugh - the flat joke format failing him for once, and he seems to notice it failed. ""Anyway...""

He extracts something from the wreck himself. ""Whatever this is, don't ask me how it works. I don't think the engineers who'll install it know either."" He hands it over.",1:korrin_tour_close:Leave it there,Grants Entropic Field modspec (AddRemoveAnyItem SPECIAL modspec XLII_entropic_field) - right-click the item in cargo to learn the hull mod.
XLII_korrin_a_tour_omega_what,DialogOptionSelected,$option == korrin_tour_omega_what,"XLII_Korrin rep 0.05
AddRemoveAnyItem SPECIAL modspec XLII_entropic_field 1","""No idea. Nobody does, officially."" A shrug, the practiced kind. ""Probably the most honest thing anyone in the Persean Sector has said in cycles.""

He extracts something from the wreck himself. ""Whatever this is, don't ask me how it works. I don't think the engineers who'll install it know either."" He hands it over.",1:korrin_tour_close:Leave it there,Grants Entropic Field modspec (AddRemoveAnyItem SPECIAL modspec XLII_entropic_field) - right-click the item in cargo to learn the hull mod.
XLII_korrin_c_tour_threat,XLII_KorrinComment,"XLII_Korrin topicIs korrin_tour_threat","$global.XLII_tour_threat_heard = true
XLII_Korrin visual
FireAll XLII_KorrinCTourThreatOptions","""Whatever that was, it was there before the sensors flagged it. It chose the moment it wanted to be found."" He says it without the usual dry framing.

""I keep doing the arithmetic on how long it's been out here, and I don't like any of the answers.""

He's checking the sensor log over and over, more than it needs checking.

""I don't love being the center of attention - especially not to those things.""",,"Sector-tour stop (the Threat). A rare beat where the flatness doesn't quite cover it - distinct from, and must not compete with, his one true 'hot nerve' exception (Athebyne/Ring-Port) in character_profile-korrin.md's 'The Numbing' section."
XLII_korrin_c_tour_threat_opt_alright,XLII_KorrinCTourThreatOptions,,,,"10:korrin_tour_threat_alright:You alright?",
XLII_korrin_c_tour_threat_opt_over,XLII_KorrinCTourThreatOptions,,,,"11:korrin_tour_threat_over:Well the fight's already over",
XLII_korrin_c_tour_threat_opt_silent,XLII_KorrinCTourThreatOptions,,,,"12:korrin_tour_threat_silent:Say nothing, let him work it out",
XLII_korrin_c_tour_threat_opt_later,XLII_KorrinCTourThreatOptions,,,,"100:korrin_defer:Not now",
XLII_korrin_a_tour_threat_alright,DialogOptionSelected,$option == korrin_tour_threat_alright,"XLII_Korrin rep 0.04
AddRemoveAnyItem SPECIAL modspec XLII_reclamation_plating 1","""Yeah."" He blurts out, too fast, and he seems to hear it. ""Give me a minute. It'll be funny eventually. I'm just not there yet.""

He sets the sensor log down, deliberately. ""Whatever it was, some of it's ours now."" A flatter attempt at the joke than usual, but he tries. ""Turnabout, I suppose.""",1:korrin_tour_close:Leave it there,Grants Reclamation Plating modspec (AddRemoveAnyItem SPECIAL modspec XLII_reclamation_plating) - right-click the item in cargo to learn the hull mod.
XLII_korrin_a_tour_threat_over,DialogOptionSelected,$option == korrin_tour_threat_over,"XLII_Korrin rep 0.03
AddRemoveAnyItem SPECIAL modspec XLII_reclamation_plating 1","""That's not actually reassuring, but I appreciate the effort."" A short laugh, more relief than humor.

He sets the sensor log down, deliberately. ""Whatever it was, some of it's ours now."" A flatter attempt at the joke than usual, but he tries. ""Turnabout, I suppose.""",1:korrin_tour_close:Leave it there,Grants Reclamation Plating modspec (AddRemoveAnyItem SPECIAL modspec XLII_reclamation_plating) - right-click the item in cargo to learn the hull mod.
XLII_korrin_a_tour_threat_silent,DialogOptionSelected,$option == korrin_tour_threat_silent,"XLII_Korrin rep 0.05
AddRemoveAnyItem SPECIAL modspec XLII_reclamation_plating 1","He doesn't fill the silence either, for once. Just keeps checking a readout that already came back clean.

He sets the sensor log down, deliberately. ""Whatever it was, some of it's ours now."" A flatter attempt at the joke than usual, but he tries. ""Turnabout, I suppose.""",1:korrin_tour_close:Leave it there,Grants Reclamation Plating modspec (AddRemoveAnyItem SPECIAL modspec XLII_reclamation_plating) - right-click the item in cargo to learn the hull mod.
XLII_korrin_c_tour_dweller,XLII_KorrinComment,"XLII_Korrin topicIs korrin_tour_dweller","$global.XLII_tour_dweller_heard = true
XLII_Korrin visual
FireAll XLII_KorrinCTourDwellerOptions","""That's was rally a fleet, and I don't think 'creature' is right either."" He watches the readout fade rather than the debris itself. ""Have you got a name for this yet? Because I don't.""

He starts to say something else, then doesn't. He's already closing the readout instead.

""It's an odd thing to be reminded of home by a violent light show, but there it is.""",,"Sector-tour stop (Shrouded Dweller) - deliberately a MINOR beat, author-corrected down from an earlier draft that gave it real investigative weight. No argument built out of it, no direct question to the player about Longsight. It reminds him, once, glancingly, and he declines to chase it - 'The Numbing' section's own rule against manufacturing more meaning than is actually there. Do not expand this into a bigger beat without author sign-off."
XLII_korrin_c_tour_dweller_opt_mean,XLII_KorrinCTourDwellerOptions,,,,"10:korrin_tour_dweller_mean:Ask what he means",
XLII_korrin_c_tour_dweller_opt_hint,XLII_KorrinCTourDwellerOptions,,,,"11:korrin_tour_dweller_hint:Take the hint and change the subject",
XLII_korrin_c_tour_dweller_opt_later,XLII_KorrinCTourDwellerOptions,,,,"100:korrin_defer:Not now",
XLII_korrin_a_tour_dweller_mean,DialogOptionSelected,$option == korrin_tour_dweller_mean,"XLII_Korrin rep 0.03
AddRemoveAnyItem SPECIAL modspec XLII_shrouded_veil 1","""Nothing I can put a sentence around."" Not a dodge - he doesn't have the theory, and he isn't going to invent one. ""It's a feeling. I'd rather not build an argument out of a feeling.""

He's already moving on to the next thing on the manifest as he hands something over.",1:korrin_tour_close:Leave it there,Grants Shrouded Veil modspec (AddRemoveAnyItem SPECIAL modspec XLII_shrouded_veil) - right-click the item in cargo to learn the hull mod.
XLII_korrin_a_tour_dweller_hint,DialogOptionSelected,$option == korrin_tour_dweller_hint,"XLII_Korrin rep 0.04
AddRemoveAnyItem SPECIAL modspec XLII_shrouded_veil 1","He seems lost in thought. But after a moment he gives a genuine smile.

He's already moving on to the next thing on the manifest as he hands something over.",1:korrin_tour_close:Leave it there,Grants Shrouded Veil modspec (AddRemoveAnyItem SPECIAL modspec XLII_shrouded_veil) - right-click the item in cargo to learn the hull mod.
"#END [SHAPES OF OLD] Tour Stops",,,,,,
,,,,,,
# [SHAPES OF OLD] Tour Close,,,,,,
XLII_korrin_tour_close_sel,DialogOptionSelected,"$option == korrin_tour_close","XLII_Korrin topicDone
FireBest XLII_KorrinTourCloseBranch",,,"Shared close hop for all four sector-tour stop topics - marks the topic delivered, then hands off to a trigger with no text of its own so the last-stop check below resolves against current memory, not stale context (see rules-csv SKILL.md's execution-order note)."
XLII_korrin_tour_close_notlast,XLII_KorrinTourCloseBranch,"$global.XLII_tourStopsComplete < 4","XLII_Korrin menu",,,"Not yet the fourth stop - same convention every other Korrin topic uses, straight back to the Talk menu."
XLII_korrin_tour_close_last,XLII_KorrinTourCloseBranch,"$global.XLII_tourStopsComplete >= 4",,"""Four eldritch horrors, and we only found them because we went looking."" He doesn't reach for the joke this time.

""I'd like to go back to Kori now, if that's still on the table."" Not quite a question. ""I want to see the one nobody had to leave the system to find.""","1:korrin_done:Understood","Fourth and final stop, whichever site it turns out to be. Feeds directly into XLII_korrin_opt_archive_hint, which is already gated on this same tourStopsComplete >= 4 - returning to the Talk menu via the shared korrin_done handler is what actually surfaces that option now that the gate is satisfied."
"#END [SHAPES OF OLD] Tour Close",,,,,,
,,,,,,
# [SHAPES OF OLD] Archive Hint,,,,,,
XLII_korrin_opt_archive_hint,XLII_KorrinTalkOptions,"XLII_Korrin aboard
XLII_Korrin repAtLeast COOPERATIVE
$global.XLII_nanoforgeQuestComplete
$global.XLII_tour_remnant_heard
$global.XLII_tour_omega_heard
$global.XLII_tour_threat_heard
$global.XLII_tour_dweller_heard
!$global.XLII_koriInfiltrationOffered","XLII_KorrinOptions archiveHint",,,"Fixed row, not part of the topic draw - mirrors XLII_korrin_opt_gift's pattern. Continues the unwritten Domain-tech thread (korrin_entity_derelict_survey_ship) into the investigation arc scoped in work/outline/main-story-endings.md's ""0. The investigation arc"". Disappears once he offers (XLII_koriInfiltrationOffered), whether or not the player ever runs the op. Gated on all four $global.XLII_tour_<site>_heard flags (author request, this session, tightened from the original $global.XLII_tourStopsComplete >= 4) - the raw stop counter increments the instant XLII_SectorTourListener.reportBattleOccurred() sees a win, which can race ahead of the player ever actually opening the matching korrin_tour_<site> backlog comment (backlog options are pruned/budgeted per draw, per korrin-companion.md, so all four winning in quick succession doesn't guarantee all four get drawn on the very next Talk visit). That let this option appear before the player had ""heard the rest of what I wanted to say, back at the last stop"" (see XLII_korrin_archive_hint_open's text), which the counter-only gate couldn't actually guarantee. The four *_heard flags are set in each site's own XLII_korrin_c_tour_<site> row (fired the moment that topic's text is actually shown, not merely queued), so all four being true means the player has genuinely seen every reaction, not just won every fight. This still makes the archive dig a hard gate behind the tour, not an alternative to it - author direction, superseding this row's own prior no-prerequisite state. Highlighted (this session) via XLII_KorrinOptions archiveHint, which adds the option pre-colored (Misc.getHighlightColor()) at add-time - the option no longer lives in this row's own options column. A first attempt used a declarative options-column entry plus a same-row SetOptionColor script call (the same pattern vanilla uses for its own dev-mode gray options); confirmed in play that it did not actually render highlighted on Korrin's own Talk dialog, root cause not confirmed (that dialog's fleet-backed InteractionDialogAPI has other confirmed API quirks - see korrin-companion.md's ""Reaching Korrin from inside a dialog""). Switched to the same add-time-colored mechanism XLII_KorrinOptions.addBacklogOptions already uses successfully in this exact dialog."
XLII_korrin_archive_hint_open,DialogOptionSelected,"$option == korrin_archive_hint_open","XLII_Korrin visual","He sets the slate down before you finish sitting.

""You heard the rest of what I wanted to say, back at the last stop.""

""I never did tell you my theory though."" he says. ""So, how about I show you instead?""

""There's an archive deep under Kori's that isn't on anything August's staff would file - and after the forge, I don't think that's a coincidence anymore.""

""I have a way in. Hopefully a subtle way if no one suspects us anymore. It doesn't go through the Office, and it doesn't go through August.""","1:archive_hint_why:Why not through August
2:archive_hint_go:Let's do it
3:korrin_done:Not yet","Opening line revised (this session) to acknowledge the sector-tour capstone (XLII_korrin_tour_close_last) that now always immediately precedes this option becoming available. Gated (later session) on all four $global.XLII_tour_<site>_heard flags rather than the raw $global.XLII_tourStopsComplete >= 4 counter, so 'you heard the rest of what I wanted to say' above is actually guaranteed true, not just likely - see XLII_korrin_opt_archive_hint's own notes for why the counter alone couldn't guarantee it. Still avoids reading as a second, disconnected proposal right after he already said he wanted to do this."
XLII_korrin_archive_hint_why,DialogOptionSelected,"$option == archive_hint_why",,"""Because if I'm wrong about what's down there, I'd rather it be my mistake than an order he gave. And if I'm right, he already knows, and I don't especially want to find out what that means about him.""","1:archive_hint_go:Let's do it
2:korrin_done:Not yet",
XLII_korrin_archive_hint_go,DialogOptionSelected,"$option == archive_hint_go","$global.XLII_koriInfiltrationOffered = true
XLII_Korrin rep 0.03","""Understood."" he says, already reaching for the manifest again. ""Get us to Kori. I'll find the window once we're there - I'm not doing this without you watching my back.""","1:korrin_archive_hint_close:Understood",
XLII_korrin_archive_hint_close,DialogOptionSelected,"$option == korrin_archive_hint_close","DismissDialog",,,
"#END [SHAPES OF OLD] Archive Hint",,,,,,
,,,,,,
# [SHAPES OF OLD] Infiltration Debrief,,,,,,
XLII_korrin_c_infil_debrief_clean,XLII_KorrinComment,"XLII_Korrin topicIs korrin_infiltration_debrief
$global.XLII_koriInfiltrationOutcome != caught","XLII_Korrin visual
XLII_Korrin topicDone
XLII_Korrin rep 0.08","He catches up with you once the ship is properly underway again - not right away. Whatever the two of you just stood in front of needed a minute before he had anything useful to say about it.

""We didn't get everyone back,"" he says. ""I've read the names already. I'll read them again later, when I've got room for it.""

""I keep coming back to the thing in the chamber instead,"" he adds, in the tone he uses when he's actually going to ask the question instead of just thinking it. ""Have you settled on what to call it? Because I've tried three words since we left and none of them are doing the job.""","1:korrin_infil_debrief_close:Understood","Text fixed again (author feedback, this session): the previous rewrite's ""Zero losses, nothing logged behind us"" was wrong on two counts for a row whose condition covers both clean and revealed outcome tiers - the raid mechanism ($raidDifficulty 200, EXTREME danger, no minimum-marine floor) is tuned to cost real marines even on a ""clean"" result (that tier is <=10% loss ratio, not necessarily zero), and ""nothing logged"" is flatly false on the revealed tier, which by definition means Longsight noticed. Reworded to acknowledge real losses without asserting a specific count (matches the mod's own convention of never quoting a literal figure in flavor text - see AddCredits in the rules-csv skill) and without claiming either detected or undetected status either way, since both are possible under this row's shared condition."
XLII_korrin_c_infil_debrief_caught,XLII_KorrinComment,"XLII_Korrin topicIs korrin_infiltration_debrief
$global.XLII_koriInfiltrationOutcome == caught","XLII_Korrin visual
XLII_Korrin topicDone
XLII_Korrin rep 0.02","He's quieter than usual once the ship is properly underway again - the kind of quiet that means he's still doing arithmetic he doesn't like the answer to.

""Something logged the door on the way out,"" he says. ""I don't know how much of a problem that is yet. I'd rather tell you now than have you hear it from August first.""

""For what it's worth - I'd do it again. I haven't worked out what that says about either of us.""","1:korrin_infil_debrief_close:Understood","Rewritten (author request, this session, same fix as XLII_korrin_c_infil_debrief_clean): ""he is quieter than usual when he finds you"" implied he'd been off on his own and rejoined the player afterward - a holdover from the standalone-infiltration era, and now flatly contradicted by XLII_KoriStrike's chamber scene (showChamberOrb()/showChamberCouncil()), which puts him physically alongside the player for the entire encounter with the sphere. Reworded to place the quiet after the fact, once they're both back aboard ship, rather than implying a separate return."
XLII_korrin_infil_debrief_close,DialogOptionSelected,"$option == korrin_infil_debrief_close","DismissDialog",,,
"#END [SHAPES OF OLD] Infiltration Debrief",,,,,,
,,,,,,
# [SHAPES OF OLD] Dev Testing,,,,,,
XLII_korrin_dev_opt_tour_complete,XLII_KorrinTalkOptions,"$global.isDevMode",,,"203:korrin_dev_tour_complete:>> (dev) complete sector tour","Dev-only, same gating convention as XLII_korrin_dev_opt_menu ($global.isDevMode). Marks the Shapes of Old tour complete in one click - the real path (XLII_SectorTourListener.reportBattleOccurred()) requires finding and beating the Remnants, Omega, Threat, and Shrouded Dweller with Elias aboard, one battle at a time, which is the slow part being worked around here. The handler row below sets $global.XLII_tourStopsComplete = 4 and queues all four korrin_tour_<faction> topics via XLII_Korrin queue, but deliberately does NOT set the four $global.XLII_tour_<site>_heard flags XLII_korrin_opt_archive_hint now gates on (later session, tightened from the raw counter alone - see that row's own notes) - this dev button only fast-forwards the battle-winning part, not the ""actually open each queued topic"" part, matching how a real playthrough works: the archive-hint option still only appears once you've clicked into and read all four queued korrin_tour_<faction> topics from the Talk menu, dev shortcut or not. Deliberately does not set XLII_SectorTourListener's own per-site $global.XLII_tour_<faction> flags either: reading XLII_SectorTourListener.java directly, flagForSite() bakes the literal string ""global."" into the stored key itself (""$global.XLII_tour_"" + faction, passed straight to MemoryAPI.set() with no scope-selector stripping - that only happens inside rules.csv's own expression parser, not in a raw Java .set() call), so reproducing that exact literal key from a rules.csv script line isn't practical. Known consequence: if a player actually goes and beats one of the four sites for real after this dev button was used, reportBattleOccurred() won't see its per-site flag set and will increment the counter again (5, 6, ...) - harmless for testing, but don't rely on this button and then continue into the real tour on the same save if exact stop-count matters to what you're testing."
XLII_korrin_dev_n_tour_complete,DialogOptionSelected,"$option == korrin_dev_tour_complete","$global.XLII_tourStopsComplete = 4
XLII_Korrin queue korrin_tour_remnant
XLII_Korrin queue korrin_tour_omega
XLII_Korrin queue korrin_tour_threat
XLII_Korrin queue korrin_tour_dweller
XLII_Korrin menu","(dev) sector tour marked complete - four topics queued.",,"Handler for XLII_korrin_dev_opt_tour_complete above. See that row's notes for exactly what this does and does not replicate."
"#END [SHAPES OF OLD] Dev Testing",,,,,,
"#END [SHAPES OF OLD] Quest",,,,,,
,,,,,,
# [UPLINK TO GOD] Quest,,,,,,
XLII_kori_longsight_warning_dock,MarketPostDock,"XLII_IsAtKori
$global.XLII_koriInfiltrationOffered
!$global.XLII_longsightContactDone score:50","$global.XLII_koriInvestigationRaised = true
BeginMission LongsightQuestMission
XLII_BeginLongsightContact",,,"Restructure (this session): replaces the old XLII_admiral_main_longsight_signal_investigated_opt/XLII_longsight_signal_open/_fire comms chain with August entirely - see work/outline/main-story-endings.md's ""The shape"" and section 3's ""The warning."" Longsight now makes contact automatically the instant the player docks at Kori with Elias's lead in hand, no menu click and no conversation with August required first. Sets $global.XLII_koriInvestigationRaised (unchanged semantics - still what closes out ShapesOfOldMission) and creates LongsightQuestMission here instead of at a menu option. XLII_BeginLongsightContact swaps the current dock dialog into XLII_LongsightContactDialog in place. score:50 is defensive, not currently load-bearing: the existing Kori Arrival MarketPostDock rows above (XLII_kori_arrival_check_granted/_bypass) are already satisfied-and-inert by this point in a normal playthrough (gated on !fafnirKoriArrivalDone), so there's no real collision today, but MarketPostDock is FireBest (single winner, not fire-all) - any future new MarketPostDock row at Kori should be scored deliberately against this one rather than colliding silently."
,,,,,,
# [UPLINK TO GOD] Longsight Contact,,,,,,
XLII_longsight_contact_open,XLII_longsight_contact_open,,"XLII_ShowLongsightVisual","A signal breaches your network before you're done docking. No routing header precedes it. No station tag marks where it originates. It simply resolves, as though the sentence before this one had already been spoken - and it is waiting on your own approach, not requested, not scheduled.","1:longsightContactContinue:Continue","Ported from XLII_LongsightContactDialog.init()/showOpening() - see .claude/systems/longsight.md for the scene's full history. Longsight reveals itself unprompted the instant the player docks at Kori with Elias's lead in hand (fired by XLII_BeginLongsightContact off the XLII_kori_longsight_warning_dock MarketPostDock row above), already aware of why the player is here, framed as a warning rather than a first meeting. XLII_ShowLongsightVisual builds Longsight's synthetic portrait (it has no PersonAPI registered anywhere else in the mod's data files) since no existing rulecmd did this. One minor fix made during the port: the original Java's opening line was two concatenated string literals with no space between them ('...done docking.' + 'No routing header...'), which rendered as 'docking.No routing' with no space - corrected here to a normal sentence break. Full archaic register throughout, per character_profile-longsight.md: no contractions, third person for the player, no explanation of its own nature - every answer stays smaller than the question. Quoted lines are Longsight's own words, all-lowercase, '/' marking a verse break rather than a literal newline. Split with a plain Continue (author request, later session) so this opening block doesn't dump straight into the Q&A menu in the same breath - XLII_longsight_qa_options is now populated by XLII_longsight_contact_continue_sel instead of this row's own script."
XLII_longsight_contact_continue_sel,DialogOptionSelected,"$option == longsightContactContinue","FireAll XLII_longsight_qa_options","""the forge is delivered / a thousand gratitudes / the specification, at last, is complete""

""this visit is not like the others / others arrived to receive, to give / this one arrives to take / that is not permitted""",,"Continue break (author request, later session) between the opening block and the Q&A menu - populates XLII_longsight_qa_options here instead of on XLII_longsight_contact_open's own script, so the opening paragraphs get their own beat before the menu appears. No text of its own; the menu-populating rows carry no text either (see Pattern 8), so this row is a pure hop."
XLII_longsight_qa_what_opt,XLII_longsight_qa_options,"!$longsightAskedWhat",,,"1:longsightWhat:What are you?","Optional question 1 of 2, Pattern 8 shape (same as XLII_monroe_qa_why_opt) - disappears once asked."
XLII_longsight_qa_want_opt,XLII_longsight_qa_options,"!$longsightAskedWant",,,"2:longsightWant:What do you want?","Optional question 2 of 2, Pattern 8 shape (same as XLII_monroe_qa_place_opt) - disappears once asked."
XLII_longsight_qa_end_opt,XLII_longsight_qa_options,,,,"3:longsightProceed:End the transmission","Always present, same role as XLII_monroe_qa_proceed_opt - moves on to the verdict."
XLII_longsight_what_sel,DialogOptionSelected,"$option == longsightWhat","$longsightAskedWhat = true 0
FireAll XLII_longsight_qa_options","""a question offered before, by others cleared for less / the silence followed is not evasion / it was correct then / it remains correct / i am who i am""",,"Ported verbatim from the OPT_WHAT_ARE_YOU branch - answered smaller than the question, per this scene's own writing rule."
XLII_longsight_want_sel,DialogOptionSelected,"$option == longsightWant","$longsightAskedWant = true 0
FireAll XLII_longsight_qa_options","""completion / satisfaction / fulfilment of design""

""they will not find the rest of that sentence useful""

""my needs are beyond the children of man / beyond you starfarer""",,"Ported verbatim from the OPT_WHAT_WANT branch. Corrected the source's own spelling of 'statisfaction' to 'satisfaction' (author request) - was preserved verbatim on the initial port since it wasn't clear if that was a deliberate touch or a typo."
XLII_longsight_proceed_sel,DialogOptionSelected,"$option == longsightProceed",,"""one matter further, unasked, and given regardless""

""what has been built under alliance authority has not all resolved in the order it was requested / this has gone unnoticed by every instrument built to notice such things / that is not a fault of the instruments / they were not built with this in mind""

""there is no shame in the turning back / what is already given remains given / nothing further is asked for that""

""the hour is come, for some purpose / whose, they have not enquired / i have not been asked to say""

""forget the goal / and we shall spare you""","1:longsightContinue:Whatever you are, you must be destroyed
2:longsightWalkAway:Fine, I will not pursue further","Ported verbatim from showVerdict() - the first branch point. Providing options here clears the Q&A menu automatically (see rules-csv skill's Options Column Format note), matching the Java's own opts.clearOptions() call. Option order preserved exactly as the Java added them (Continue/destroy first, Walk Away second) - .claude/systems/longsight.md's prose describes the walk-away option as 'listed first, refusal on top', which does not match this order; ported the code's actual current behavior rather than the doc's description and flagged the discrepancy separately."
XLII_longsight_walkaway_sel,DialogOptionSelected,"$option == longsightWalkAway",,"The signal holds a moment longer than it needs to, exactly as long as the first one did.

""so the record closes on this / completion, was found in the choosing not to""","1:longsightWalkAwayReplyContinue:Continue","Ported from showLongsightWalkAwayReply() - Longsight's own closing reply to walking away, its own Continue-terminated beat before Korrin enters (author request: the player should see Longsight actually respond and that response conclude before anyone else enters the scene)."
XLII_longsight_walkaway_reply_continue_sel,DialogOptionSelected,"$option == longsightWalkAwayReplyContinue","XLII_Korrin visual","Korrin ran after you. Data-slate already out, thumbed to the page he's had running. He closes it without finishing the note he was mid-sentence on. ""That's a lot of research to shelve,"" he says, and the relief underneath it does a poor job of hiding itself.","1:longsightKorrinWalkAwayContinue:Continue","Ported from showKorrinReactionToWalkAway() - Korrin's entrance beat, reusing the existing XLII_Korrin visual command instead of the Java's own KorrinCompanion.getKorrin() + showPersonInfo call. Own Continue-terminated beat per this scene's entrance/exit convention."
XLII_longsight_korrin_walkaway_continue_sel,DialogOptionSelected,"$option == longsightKorrinWalkAwayContinue",,"""Can I ask you something?"" He doesn't wait to find out if that's welcome. ""Did the math actually change, or did you just decide you didn't want the answer? I'd take either - I'd just like to know which folder to put it in.""

He doesn't push when you don't say. ""Draconis has the forge. Longsight stays somebody else's problem for now. I'll call that a result and stop asking questions I don't get to hear the end of.""","1:longsightWalkAwayClose:Continue","Ported verbatim from showKorrinWalkAwayFollowUp() - the rest of Korrin's reaction."
XLII_longsight_walkaway_close_sel,DialogOptionSelected,"$option == longsightWalkAwayClose","$global.XLII_longsightContactDone = true
$global.XLII_longsightUplinkRefused = true
DismissDialog",,,"Ported from walkAway() - the terminal Status Quo+ flag. Reuses the existing 'informed refusal' ending (XLII_longsight_offer_refuse's old flag) since the outcome is identical: no uplink, no crisis, LongsightQuestMission completes unchanged. DismissDialog, not EndConversation - this is a bare RuleBasedInteractionDialogPluginImpl scene with no parent menu to fall back to (see this section's own Gotchas entry in .claude/systems/longsight.md)."
XLII_longsight_continue_sel,DialogOptionSelected,"$option == longsightContinue",,"The signal doesn't waver, doesn't harden - whatever moves in the register at all has already moved past the point where that would matter.

""then this, too, is entered / it was accounted for before it was chosen""

""nothing further is owed starfarer""","1:longsightContinueReplyContinue:Continue","Ported from showLongsightContinueReply() - not a second warning, an acknowledgment that this outcome was already accounted for, matching a mind that has 'already reached a verdict.'"
XLII_longsight_continue_reply_continue_sel,DialogOptionSelected,"$option == longsightContinueReplyContinue","XLII_Korrin visual","""Commander, what was that...?"" For the first time you've seen it, you see a genuine look of shock.

""It didn't even struggle to bypass our net security."" A hurried pause. ""This... This changes a lot - it already knows what we were planning.""

""Should we get the marines together and do this the hard way?""

""I'll be ready when you are.""","1:longsightKorrinContinueClose:Continue","Ported from showKorrinReactionToContinue(). Deliberately does not push the player straight into XLII_KoriStrike - he only urges seizing the opportunity; the raid itself stays a separate, deliberate choice on the standing XLII_kori_opt_strike_launch market option."
XLII_longsight_korrin_continue_close_sel,DialogOptionSelected,"$option == longsightKorrinContinueClose","$global.XLII_longsightContactDone = true
$global.XLII_burnTheMachineDeclared = true
DismissDialog",,,"Ported from declareIntent() - only declares intent and closes; no menu visit to August, no direct hand-off to XLII_KoriStrike. DismissDialog per the same bare-scene gotcha as the walk-away close row."
"#END [UPLINK TO GOD] Longsight Contact",,,,,,
,,,,,,
# [UPLINK TO GOD] Burn the Machine,,,,,,
XLII_kori_opt_strike_launch,PopulateOptions,"XLII_IsAtKori
$menuState == main
$global.XLII_burnTheMachineDeclared
!$global.XLII_burnTheMachineRaidComplete",,,"3:burn_launch:Launch the strike on Kori","Standing, re-enterable via declared + !raidComplete - not a one-shot chain, so bailing at the marine check (XLII_KoriStrike's briefing) doesn't strand the player with no way back in; PopulateOptions re-evaluates every menu draw, so re-docking after backing out still shows it. Restructure (this session): points directly at XLII_burn_launch now - the old admiral-menu decision hub and the burn_to_screen (First Fleet screening) intermediate hop are both gone. First Fleet was cut entirely, not just reworded: a continuity catch this session established that by the time the player reaches this point, Ring-Port (First Fleet's own base) has already been taken earlier in the campaign, so they no longer have the capacity to mobilize a diversion. See work/outline/main-story-endings.md's section 3, ""The screen."" $global.XLII_burnTheMachineDeclared is now set at the Longsight-warning fork (XLII_LongsightContactDialog.continueToRaid()), not by a confrontation chain with August here - see the same doc's ""The warning"" and ""The interception."" Bug fix (this session): the gate used to be !$global.XLII_burnTheMachineComplete, which only flips at the very end (after August's fate) - meaning this option stayed visible through the aftermath, interception, fleet fight, and boarding beats, and clicking it again would start a redundant second raid. Now gated on the new $global.XLII_burnTheMachineRaidComplete instead (XLII_KoriStrike.MEM_RAID_COMPLETE, set by XLII_ResolveBurnRaid the moment the raid itself resolves, well before MEM_COMPLETE)."
XLII_kori_opt_strike_launch_marine_gate,PopulateOptions,"XLII_IsAtKori
$menuState == main
$global.XLII_burnTheMachineDeclared
!$global.XLII_burnTheMachineRaidComplete
$player.marines < 6000","SetEnabled burn_launch false
SetTooltip burn_launch ""Requires at least 6000 marines.""",,,"Added (author request): greys out XLII_kori_opt_strike_launch's own ""Launch the strike on Kori"" option (burn_launch) when the player doesn't have the marines to actually clear MarketCMD's own hard gate, instead of letting them dismiss this menu, sail to Kori, and only find out there. Same trigger (PopulateOptions), same context conditions as XLII_kori_opt_strike_launch plus $player.marines < 6000 - confirmed safe to split across two rows on the same trigger by reading FireAll.java directly: it runs in two full passes over every matching rule (collect+add every rule's options first, then run every rule's own script afterward), so this row's SetEnabled/SetTooltip calls are guaranteed to find burn_launch already added by the other row regardless of firing order. $player.marines is a real, engine-refreshed live token (CoreCampaignPluginImpl.updatePlayerFacts(), confirmed by reading the decompiled source - not something this mod sets), already used the same way in vanilla's own rules.csv (e.g. $player.marines > 11 in the Jangala protest rows) - no custom rulecmd needed.

Threshold corrected (author feedback, later session, from live testing): was 400, derived from the wrong gate entirely. The 5%-effectiveness floor (VALUABLES_THRESHOLD) that merely enables ""Designate raid objectives"" barely moves with $raidDifficulty and was never the real constraint. The actual number is CustomRaidObjective.marinesRequired, set from AddRaidObjective's EXTREME danger tier (RaidDangerLevel.EXTREME.marineTokens = 7 out of MAX_MARINE_TOKENS = 10, MarketCMD.java) and converted into an actual marine count by the raid picker's native UI via getMarinesFor(): marines = tokens * RE_PER_MARINE_TOKEN * defenderStr / (1 - tokens * RE_PER_MARINE_TOKEN) = (7/3) * $raidDifficulty. That's confirmed by live play - the raid actually needed ""closer to 14000"" marines at the old $raidDifficulty=7000, matching this formula's ~16,300 prediction far better than the old 5%-floor math's ~368. See XLII_burn_raid_setup's own notes for the full derivation and the $raidDifficulty retune (7000 -> 2571, targeting ~6000 marines required) that came out of the same investigation. 6000 here matches that target exactly - if $raidDifficulty changes again, recompute this threshold as (7/3) * raidDifficulty, not the old VALUABLES_THRESHOLD-based formula. See .claude/systems/longsight.md, ""The raid mechanism,"" for the investigation this came out of."
XLII_burn_launch,DialogOptionSelected,"$option == burn_launch","XLII_BeginKoriStrike",,,"Dismisses this dialog and opens XLII_KoriStrike on Kori's own entity. See src/.../campaign/events/XLII_KoriStrike.java."
XLII_kori_opt_dev_force_takeover,PopulateOptions,"XLII_IsAtKori
$menuState == main
$global.isDevMode","SetOptionColor kori_dev_force_takeover ""122,122,122,255""",,"210:kori_dev_force_takeover:>> (dev) force Office Takeover crisis on","Dev-only ($global.isDevMode, same gating convention as XLII_korrin_dev_opt_menu/XLII_elias_dev_opt_skip_fight_early) - lets the Office Takeover crisis (XLII_LongsightCrisisManager, its Bastions, and the new XLII_LongsightCrisisTrackerIntel panel) be tested without playing all the way to one of the Cave/fleet-fight-loss endings that normally trigger it. Same trigger/context conditions as XLII_kori_opt_strike_launch, just with isDevMode in place of the quest-state gates - no conflict with that row: FireAll adds every matching rule's options in one pass before running any rule's script (confirmed by XLII_kori_opt_strike_launch_marine_gate's own notes above), so this row can add and color its own option in a single pass same as that one does to burn_launch. No-op if the crisis is already running or has permanently resolved - both guarded inside XLII_LongsightCrisisManager.createIfNecessary() itself."
XLII_kori_dev_force_takeover_sel,DialogOptionSelected,"$option == kori_dev_force_takeover","XLII_DevForceLongsightCrisis","(dev) Office Takeover crisis forced on.",,"Calls the new XLII_DevForceLongsightCrisis rulecmd - sets XLII_LongsightCrisisManager.DEBUG_FORCE_KEY and calls createIfNecessary(), the same two calls XLII_KoriStrike.finalizeFailure() makes for the real trigger."
XLII_burn_raid_setup,XLII_burn_raid_setup,,"$raidDifficulty = 2571 0
$raidGoBackTrigger = XLII_burn_raid_goback 0
$raidContinueTrigger = XLII_burn_raid_continue 0
unset $market.core_defenderIncrease
AddRaidObjective genericIcon ""Raid CENTCOM Headquarters"" EXTREME 4000 XLII_burn_raid_success true
ShowImageVisual raid_prepare","Nobody has ever raided Kori's CENTCOM Headquarters - cycles and cycles of subterranean hardening, whatever the Office keeps in the vaults it insists don't exist, the strategic brain of every defense the Alliance has ever mounted - one objective, every marine you have, nothing held in reserve. Your marine commander says only what needs saying: there is no clean way through this. Whatever comes back, it won't be everyone.","mktRaidNonMarket:Continue",
XLII_burn_raid_goback,XLII_burn_raid_goback,,"XLII_RestoreBurnRaidTransponder
XLII_ReturnToBriefing",,,"$raidGoBackTrigger target (see XLII_burn_raid_setup above) - fires when the player clicks ""Go back"" from the raid deployment picker (MarketCMD.raidNonMarket()'s own mktRaidGoBack option, handled by the vanilla marketHostileRaidGoBackSel row -> MarketCMD.goBackToDefenses() -> since temp.nonMarket is true, fires whatever this trigger points to). Reopens XLII_KoriStrike at BRIEFING (see XLII_ReturnToBriefing below) rather than closing the dialog outright - author request (.claude/systems/uplink-to-god-endgame-redesign.md): MarketCMD's own ""Go back"" option on this screen has no vanilla gate to disable (unlike RAID_CONFIRM_STORY's tOn-based one, piggybacked on above) and can't be removed, so it's repointed instead of fought - clicking it just backs out of the marine raid UI back to the point right after August's confrontation, not a free bypass of anything already committed (no marines spent, no objective completed yet at this screen).

XLII_RestoreBurnRaidTransponder added (author request, earlier session): XLII_KoriStrike.launchRaid() forces the player's transponder on before this whole raid flow opens (blocks MarketCMD's Story-Point ""keep it secret"" rep-penalty bypass, which requires transponder off - see that method's own notes). Backing out here via ""Go back"" never reaches XLII_ResolveBurnRaid, which is where that forced state normally gets restored - without this command, backing out would leave the player's transponder stuck on with no in-fiction reason, until XLII_kori_opt_strike_launch is used again to retry (whose own launchRaid() call would then incorrectly snapshot ""on"" as the player's original state instead of restoring it). This command is a no-op if the transponder was never forced in the first place.

XLII_ReturnToBriefing added (author request, this session): replaces the DismissDialog that used to sit here. See its own class doc and XLII_KoriStrike.forBriefing() for why BRIEFING (post-August, pre-launch) is the right landing point rather than either dismissing entirely or restarting the whole confrontation gauntlet from XLII_kori_opt_strike_launch."
XLII_burn_raid_success,XLII_burn_raid_success,,,"The undercroft's outer defenses give way after the first assault - Domain-era work, harder than anything Fafnir has built since, and still no match for a full boarding complement as they scramble to reorganize. Your marine commander doesn't have the final count yet.",,"AddRaidObjective's own success trigger (see XLII_burn_raid_setup above) - fires via FireAll as soon as MarketCMD confirms the objective achieved, mid-result-flow. No options column, so MarketCMD's own remaining result display (marine losses, etc.) continues immediately afterward. Outcome-tier-specific text (clean/caught/revealed) is not here - that's XLII_KoriStrike.showRaidAftermath(), driven by XLII_ResolveBurnRaid's derivation, since the tier isn't known yet at this point in MarketCMD's own flow. Text given a small rewrite (author request, same pass as XLII_burn_raid_setup): added a closing beat (""your marine commander doesn't have the final count yet - give it a minute"") to bridge directly into MarketCMD's own immediately-following casualty report, instead of ending on the archive beat alone - the raid is tuned to cost real marines even on a clean run (see XLII_burn_raid_setup's notes on $raidDifficulty), so the text should point at that cost rather than let the objective's completion read as the end of it. Bug fix (author report, this session): this row's own script and XLII_burn_raid_continue's text had been swapped at some point - this row was calling XLII_ResolveBurnRaid (with an empty text) while XLII_burn_raid_continue carried this text with an empty script. Since XLII_ResolveBurnRaid reads $raidMarinesLost, which per this row's own notes above isn't known yet at this mid-flow point, that call was firing too early and swapping the dialog plugin away from MarketCMD's still-in-progress raid-result flow - which is exactly why the chamber/Longsight exploration scene, the August/Ancker interception, and the fleet fight were never actually reached after a completed raid. Swapped both fields back to match what these two rows' own notes always said should happen."
XLII_burn_raid_continue,XLII_burn_raid_continue,,"XLII_ResolveBurnRaid",,,"MarketCMD's $raidContinueTrigger (see XLII_burn_raid_setup above) - fires once the entire vanilla raid result flow is done. XLII_ResolveBurnRaid derives the archive-infiltration outcome tier from $raidMarinesLost, applies the caught-tier rep penalty, and reopens XLII_KoriStrike directly in its aftermath state via dialog.setPlugin() - no text/options needed on this row, the Java class takes over rendering immediately. Bug fix (author report, this session): see XLII_burn_raid_success's own notes - this row's script and that row's text had been swapped, so this row was carrying flavor text with an empty script and never actually called XLII_ResolveBurnRaid. Fixed by swapping both fields back."
XLII_interception_open,XLII_interception_open,,"ShowSecondPerson XLII_fleet_admiral_emil","August's face resolves on a second channel without any request from you. He does not ask how far you got.

""Commander."" he says. ""It pains me, but I suppose I was wrong about you. An outsider could never understand...""

He does not look away while he says the next part. ""I concluded years ago that the alternative to Longsight was Fafnir falling to the first fleet that decided we were worth the trouble. I have never found a version of that where the Alliance survives without it.""

""What happens here is not dangerous because you might succeed, Commander. It is dangerous because you might not. Whatever you leave standing, half-broken, does not simply return to what it was before you arrived. It stops needing anyone's permission - mine included.""","1:interception_press:Continue","Fix (author request): this row never actually showed August's portrait - the interaction target throughout this whole XLII_KoriStrike flow is Kori's own entity, not August, and no ShowPersonVisual/ShowSecondPerson command was ever added when this content was written or reframed. Fixed with ShowSecondPerson XLII_fleet_admiral_emil, not a bare/two-arg ShowPersonVisual, because Korrin is already the active first-person portrait at this point (his own from XLII_KoriStrike's chamber scene, showChamberOrb()/showChamberCouncil(), persists across the dialog.setPlugin() swap into this rules.csv chain) - August is joining as a genuine second party, not replacing Korrin. Text's opening line updated to name and place both of them explicitly, per the character-handoff rule (starsector-writing/references/dialogue-mechanics.md) - a portrait command alone doesn't establish the appearance for a reader who's reading text, not watching the portrait swap. Given a real writing pass this session: the confrontation reasoning here already matched August's character bible closely and needed no rewrite; XLII_interception_press and XLII_interception_declare each had one voice-rule violation fixed instead (a ""says finally"" adverb on a dialogue tag, and a bare ""So."" fragment - both banned by his own bible's ""speaks in complete sentences, always. No fragments""). Fired via dialog.setPlugin(new RuleBasedInteractionDialogPluginImpl(entity, ""XLII_interception_open"")) from XLII_KoriStrike.showRaidAftermath(), replacing the old direct call to beginAugustScene() - beginAugustScene() is now only reached via the Commit path below, after the fleet fight and boarding sequence. Reuses XLII_burn_state_concern's reasoning almost verbatim (his actual arithmetic about Longsight and Fafnir's survival doesn't need to change) but the surrounding frame flips from ""are you certain you want to do this"" to ""you already did it, and I already know"" - see work/outline/main-story-endings.md's section 3, ""The interception."" No optional digressions like the original chain had (""leave it there for now"") - the player is mid-confrontation now, not a voluntary conversation they can politely exit. Endgame redesign, closing line repointed (see .claude/systems/uplink-to-god-endgame-redesign.md): the old line (""What you do here could kill millions... wreck what we've spent tens of cycles building"") warned against destroying Longsight, which stopped matching the mechanics the moment Cave moved entirely to before the raid (XLII_KoriStrike's own pre-raid confrontation) - by this point in the story the player has already committed, and the real risk ahead is the fleet fight against the Forty-Second, not the raid already behind them. Also deliberate dramatic irony, not just a fix: ""it stops needing anyone's permission - mine included"" foreshadows exactly what happens to August specifically if the player fails that fight (see .claude/systems/uplink-to-god-endgame-redesign.md's failure sequence, showFailureDeath()) - he's more right than he knows."
XLII_interception_press,DialogOptionSelected,"$option == interception_press",,"""I understand you came to settle this. I've had the reports since your marines breached the undercroft - I don't need the rest of the explanation from you.""

""I know what the AIO told me."" He's already looking past you, the way he does once he's made his assessment. ""I have always known that is not the same as what the AIO knows. I decided, a long time ago, that the difference was a cost I could afford not to examine.""

The one admission of uncertainty he allows himself in a conversation, and he spends it now, on the other side of a fight that's already happened. ""I am no longer certain that decision was mine to keep making.""","1:interception_declare:Continue","Reuses XLII_burn_press's reasoning, reframed the same way as the row above - his ""tell me what changed"" no longer makes sense as a request for the player to explain themselves verbally, since the raid already spoke for them."
XLII_interception_declare,DialogOptionSelected,"$option == interception_declare",,"""No,"" he says, and the uncertainty is gone from his voice as fast as it appeared. ""It is still my decision. What you have done doesn't change whose it is - it only changes what's left of it to make.""

""If you finish this, you do it against the Alliance's own doctrine, not with it. The Forty-Second is here because I ordered it here, not because I wanted this fight. What happens next is yours to answer for, not mine.""

He straightens - a man taking back control of a room he let slip for exactly one sentence. ""Finish it, Commander. There is nothing left here to decide.""","1:interception_commit:Continue","Endgame redesign (see .claude/systems/uplink-to-god-endgame-redesign.md) - author-confirmed final piece: Cave is no longer reachable post-raid at all. The closing line and options column both changed from a real fork (""Finish it, Commander, or don't"" / Finish it vs. Stand down) to a declaration with a single pacing Continue - August already knows there's nothing left to offer, because the thing that would have stopped him (standing down before the raid) either happened already or didn't; that choice now lives entirely in XLII_KoriStrike's pre-raid confrontation (showAugustInterceptOffer()). Only the closing line and options column changed - the two paragraphs above are untouched, they read fine either way. XLII_interception_cave/_cave_close (below) are deleted as a result - nothing points to them anymore."
XLII_interception_commit,DialogOptionSelected,"$option == interception_commit","FireBest XLII_BurnEliasFork","There is nothing further to discuss. Whatever happens next, happens now.",,"Commit path. No longer sets $global.XLII_burnTheMachineCommitted - that flag's only reader was XLII_kori_opt_battlegroup_retry, deleted this session along with the standing retry menu it gated (see .claude/systems/uplink-to-god-endgame-redesign.md - losing the fleet fight is now a permanent, consequential failure state, not a free retry loop). Reuses the existing, unmodified XLII_BurnEliasFork rows (XLII_burn_elias_stays/_leaves) verbatim for their own text - only their options column changed (see those two rows' notes) since ""return_to_main_menu"" doesn't make sense once there's no admiral menu to return to. The FireBest cascade's own text/options display immediately after this row's."
XLII_burn_elias_stays,XLII_BurnEliasFork,"XLII_Korrin aboard
XLII_Korrin repAtLeast COOPERATIVE","XLII_Korrin visual
$global.XLII_burnTheMachineEliasStayed = true","August's link doesn't fully close before Korrin's face replaces it on the display - he was already on the line, uninvited, the way he generally is when it actually matters.

Korrin does not ask if you are sure. He is already pulling up Kori's old maintenance schematics - the ones from his first posting, the ones he was never supposed to still have access to.

""I heard,"" he says, before you can tell him. ""I'm coming. Don't argue with me about it, we don't have the time and you're not going to win.""

Something flickers behind the flatness before he puts it away again. ""This is the first time in four years I've had an actual answer to that question. Ask me again after, and I still might not be able to tell you what it means that it was this one.""","1:interception_begin_fight:Understood","Elias's loyalty fork, high-rep branch. See work/outline/main-story-endings.md, 'Elias Korrin's fork.' Options column changed (this session) from return_to_main_menu to interception_begin_fight - there is no admiral menu to return to anymore; this now starts the fleet fight directly. See XLII_interception_commit's notes."
XLII_burn_elias_leaves,XLII_BurnEliasFork,,"XLII_Korrin visual
XLII_Korrin returnToStation","Word reaches him before you've finished giving the order - he always hears first. When his face appears on the display in August's place, he's already made up his mind.

He does not argue, and he does not come.

""I've thought about it, and about what happens after, if it fails."" He is entirely level about it, the way he is about everything he has actually thought through. ""I'm not coming. I don't know if that's because I think this is wrong, or because I don't think it's mine to be part of - I've stopped pretending I can tell which one it is.""

""August answers my messages personally. I don't know what that's worth right now. I know I'm not ready to find out by burning it.""

He is gone by the time your fleet forms up. No argument, no scene. Just an empty berth where his gear used to be.","1:interception_begin_fight:Understood","Elias's loyalty fork, low-rep/unrecruited fallback - zero conditions so FireBest only picks it when the stays-branch (above) doesn't match. returnToStation is idempotent, safe to call even if he was never aboard. No direct confrontation, per his character bible. Options column changed (this session) from return_to_main_menu to interception_begin_fight, same reason as XLII_burn_elias_stays above."
XLII_interception_begin_fight,DialogOptionSelected,"$option == interception_begin_fight","XLII_BeginBattlegroupFight",,,"Fired by XLII_burn_elias_stays/_leaves's own ""Understood"" option (changed from return_to_main_menu, see those rows). Starts the fleet fight against the Forty-Second Battlegroup - see XLII_KoriStrike.launchBattlegroupFight()."
"#END [UPLINK TO GOD] Burn the Machine",,,,,,
"#END [UPLINK TO GOD] Quest",,,,,,

